frame,fps,on_events,off_events
0,41.7,3126,3698
1,64.5,3641,3433
2,78.9,3674,3800
3,70.2,3151,4043
4,65.8,2833,3337
5,63.2,3147,2980
6,61.4,2895,3241
7,60.2,3241,3050
8,59.2,2929,3305
9,58.5,3080,2859
10,57.9,2988,2999
11,57.4,2831,3250
12,57.0,2785,3079
13,56.7,3151,2964
14,56.4,2975,3359
15,56.1,2822,3042
16,55.9,2821,2771
17,55.7,2444,2786
18,55.6,3056,2598
19,55.4,2627,3245
20,55.3,3434,2784
21,55.1,2485,3512
22,55.0,3026,2742
23,54.9,2687,2965
24,54.8,2652,2835
25,54.7,2792,2951
26,54.7,2900,2962
27,54.6,2985,2896
28,54.5,2826,3082
29,54.4,2770,3100
30,54.4,2943,2958
31,54.3,3029,3048
32,54.3,2645,3005
33,54.2,2619,2824
34,54.2,2678,2762
35,54.1,2887,2840
36,54.1,2294,2933
37,54.1,2813,2413
38,54.0,2589,2719
39,54.0,2805,2663
40,53.9,2423,2891
41,53.9,2760,2659
42,53.9,2443,2906
43,53.9,2725,2540
44,53.8,2517,2809
45,53.8,2463,2605
46,53.8,2480,2659
47,53.8,2498,2606
48,53.7,2699,2489
49,53.7,2539,2686
50,53.7,2546,2558
51,53.7,2304,2636
52,53.6,2352,2359
53,53.6,2522,2322
54,53.6,2315,2448
55,53.6,2329,2341
56,53.6,2360,2479
57,53.6,2324,2381
58,53.5,2230,2577
59,53.5,2118,2497
60,53.5,2126,2089
61,53.5,2052,2140
62,53.5,2226,2042
63,53.5,2224,2282
64,53.5,2144,2401
65,53.4,2202,2225
66,53.4,2148,2384
67,53.4,2059,2140
68,53.4,2053,2383
69,53.4,2004,2090
70,53.4,2265,1978
71,53.4,2161,2301
72,53.4,2046,2049
73,53.4,2078,2247
74,53.3,2158,2191
75,53.3,1972,2202
76,53.3,2308,2057
77,53.3,2122,2025
78,53.3,1893,2091
79,53.3,2021,2026
80,53.3,2253,2088
81,53.3,2141,2084
82,53.3,2014,2254
83,53.3,2108,1979
84,53.3,2216,2164
85,53.3,2076,2240
86,53.2,2074,2233
87,53.2,2090,2214
88,53.2,2355,2221
89,53.2,2152,2173
90,53.2,2199,2207
91,53.2,2025,2172
92,53.2,2398,1952
93,53.2,2199,2237
94,53.2,2265,2071
95,53.2,1908,2352
96,53.2,2165,1914
97,53.2,1986,2153
98,53.2,1958,2342
99,53.2,2155,1994
100,53.2,2214,2303
101,53.2,2196,2141
102,53.1,2148,2295
103,53.1,2129,2124
104,53.1,2027,2513
105,53.1,2329,2214
106,53.1,2051,2296
107,53.1,2169,2057
108,53.1,2192,2455
109,53.1,2268,2398
110,53.1,2099,2154
111,53.1,2257,2067
112,53.1,2104,2404
113,53.1,2115,2044
114,53.1,2144,2195
115,53.1,2081,2250
116,53.1,1956,2233
117,53.1,2130,1941
118,53.1,2199,2054
119,53.1,1954,2270
120,53.1,2115,2130
121,53.1,2200,2142
122,53.1,1979,2163
123,53.1,2199,2096
124,53.1,1960,2029
125,53.1,2051,2027
126,53.0,1956,2155
127,53.0,1922,2058
128,53.0,1959,1928
129,53.0,2045,1950
130,53.0,1870,2225
131,53.0,2004,1776
132,53.0,1858,2112
133,53.0,1883,2050
134,53.0,1877,2139
135,53.0,1878,2225
136,53.0,1965,1852
137,53.0,1716,2078
138,53.0,1764,1985
139,53.0,1995,2065
140,53.0,1977,1952
141,53.0,1897,1766
142,53.0,1845,2209
143,53.0,2002,1890
144,53.0,1888,2214
145,53.0,1833,2200
146,53.0,2083,2042
147,53.0,1899,2009
148,53.0,1845,1970
149,53.0,1917,1896
150,53.0,1916,2025
151,53.0,1972,1918
152,53.0,2022,1932
153,53.0,2005,2093
154,53.0,1960,2014
155,53.0,1979,1976
156,53.0,1949,2006
157,53.0,2095,2015
158,53.0,2073,1986
159,53.0,1904,2219
160,53.0,1881,1929
161,53.0,1981,2023
162,53.0,1725,2114
163,53.0,1876,1915
164,53.0,1911,1952
165,53.0,2008,1891
166,52.9,1835,2299
167,52.9,2011,2108
168,52.9,2052,1914
169,52.9,1870,2189
170,52.9,2011,1882
171,52.9,1951,2049
172,52.9,1901,2095
173,52.9,2102,1990
174,52.9,1933,2003
175,52.9,1985,2167
176,52.9,2096,2207
177,52.9,1984,2168
178,52.9,2093,2080
179,52.9,1954,2149
180,52.9,2043,1900
181,52.9,2016,2014
182,52.9,1903,2082
183,52.9,1968,2133
184,52.9,2037,1785
185,52.9,1929,1924
186,52.9,2079,2268
187,52.9,2011,2155
188,52.9,2149,2230
189,52.9,2108,2207
190,52.9,2223,2135
191,52.9,2234,1953
192,52.9,2117,2192
193,52.9,2172,2185
194,52.9,2142,2443
195,52.9,2194,2380
196,52.9,2207,2076
197,52.9,2259,2353
198,52.9,2287,2339
199,52.9,2230,2251
200,52.9,2266,2049
201,52.9,2136,2348
202,52.9,2192,2094
203,52.9,1984,2254
204,52.9,2208,2224
205,52.9,2015,2042
206,52.9,2097,2288
207,52.9,2254,1994
208,52.9,2086,2172
209,52.9,2240,2274
210,52.9,2097,2181
211,52.9,2186,2187
212,52.9,2087,2422
213,52.9,2278,2188
214,52.9,2119,2247
215,52.9,2112,2243
216,52.9,2263,2190
217,52.9,2185,2109
218,52.9,2147,2057
219,52.9,2214,2072
220,52.9,2115,2172
221,52.9,2007,2330
222,52.9,2230,2306
223,52.9,2047,2208
224,52.9,2254,2420
225,52.9,2167,2230
226,52.9,2181,2063
227,52.9,2335,2141
228,52.9,2073,2148
229,52.9,2141,2351
230,52.9,2167,2315
231,52.9,2105,2099
232,52.9,2222,2461
233,52.9,2382,2055
234,52.9,2174,2392
235,52.9,2342,2408
236,52.9,2377,2359
237,52.9,2329,2216
238,52.9,2201,2291
239,52.9,2327,2189
240,52.9,2174,2375
241,52.8,2324,2345
242,52.8,2249,2377
243,52.8,2337,2479
244,52.8,2298,2056
245,52.8,2183,2328
246,52.8,2235,2243
247,52.8,2159,2734
248,52.8,2578,2505
249,52.8,2471,2231
250,52.8,2354,2389
251,52.8,2374,2245
252,52.8,2397,2190
253,52.8,2187,2674
254,52.8,2507,2622
255,52.8,2316,2472
256,52.8,2390,2415
257,52.8,2399,2510
258,52.8,2409,2548
259,52.8,2398,2341
260,52.8,2389,2240
261,52.8,2225,2614
262,52.8,2527,2445
263,52.8,2375,2434
264,52.8,2253,2516
265,52.8,2333,2606
266,52.8,2322,2662
267,52.8,2421,2552
268,52.8,2365,2549
269,52.8,2547,2210
270,52.8,2405,2404
271,52.8,2507,2007
272,52.8,2154,2989
273,52.8,2539,2476
274,52.8,2393,2673
275,52.8,2614,2536
276,52.8,2483,2449
277,52.8,2337,2333
278,52.8,2282,2473
279,52.8,2389,2488
280,52.8,2496,2205
281,52.8,2304,2567
282,52.8,2447,2576
283,52.8,2388,2593
284,52.8,2485,2497
285,52.8,2493,2571
286,52.8,2422,2356
287,52.8,2362,2475
288,52.8,2388,2886
289,52.8,2579,2460
290,52.8,2452,2648
291,52.8,2518,2576
292,52.8,2428,2748
293,52.8,2438,2766
294,52.8,2615,2445
295,52.8,2450,2318
296,52.8,2353,2768
297,52.8,2464,2391
298,52.8,2427,2737
299,52.8,2589,2477
300,52.8,2533,2475
301,52.9,2296,2848
302,53.0,2740,2754
303,53.0,2551,2572
304,53.0,2574,2863
305,53.0,2672,3005
306,53.0,2617,2785
307,53.0,2792,2824
308,53.0,2628,2905
309,53.0,2920,2347
310,53.0,2555,2703
311,53.0,2764,2757
312,53.0,2655,2636
313,53.0,2570,2493
314,53.0,2547,2247
315,53.0,2307,2808
316,53.0,2661,2671
317,53.0,2634,2487
318,53.0,2454,2810
319,53.0,2703,2562
320,53.0,2460,2393
321,53.0,2403,2525
322,53.0,2527,2768
323,53.0,2597,2719
324,53.0,2544,2485
325,53.0,2438,2634
326,53.0,2578,2755
327,53.0,2465,2678
328,53.0,2583,2646
329,53.0,2347,2701
330,53.0,2590,2585
331,53.0,2462,2808
332,53.0,2583,2956
333,53.0,2702,2361
334,53.0,2480,2729
335,53.0,2605,2590
336,53.0,2499,2659
337,53.0,2695,2368
338,53.0,2460,2817
339,53.0,2439,2699
340,53.0,2587,2507
341,53.0,2530,2690
342,53.0,2509,2673
343,53.0,2397,2916
344,53.0,2779,2407
345,53.0,2511,3005
346,53.0,2747,2638
347,53.0,2696,2909
348,53.0,2797,2624
349,53.0,2567,2758
350,53.0,2776,2518
351,53.0,2415,2780
352,53.0,2740,2640
353,53.0,2732,2624
354,53.0,2394,2746
355,52.9,2451,2860
356,53.0,2637,2350
357,53.0,2469,2966
358,53.0,2621,2643
359,53.0,2508,2317
360,53.0,2327,2660
361,53.0,2417,2705
362,53.0,2724,2492
363,53.0,2353,2736
364,53.0,2559,2328
365,53.0,2329,2490
366,53.0,2463,2959
367,52.9,2655,2502
368,52.9,2595,2679
369,52.9,2550,2465
370,52.9,2549,2940
371,52.9,2753,2429
372,52.9,2272,2976
373,52.9,2760,2374
374,52.9,2437,2445
375,52.9,2523,2323
376,52.9,2231,2688
377,52.9,2633,2561
378,52.9,2531,2759
379,52.9,2719,2488
380,52.9,2512,2941
381,52.9,2660,2910
382,52.9,2932,2309
383,52.9,2553,2693
384,52.9,2506,2748
385,52.9,2550,2940
386,52.9,2707,2480
387,52.9,2501,2812
388,52.9,2661,2841
389,52.9,2450,2535
390,52.9,2525,2442
391,52.9,2611,2675
392,52.9,2560,2391
393,52.9,2461,2765
394,52.9,2559,2525
395,52.9,2427,2756
396,52.9,2513,2453
397,52.9,2357,2466
398,52.9,2381,3064
399,52.9,2774,2573
400,52.9,2573,2622
401,52.9,2589,2524
402,52.9,2458,2490
403,52.9,2354,2753
404,52.9,2614,2703
405,52.9,2607,2496
406,52.9,2456,2678
407,52.9,2745,2455
408,52.9,2448,2723
409,52.9,2572,2954
410,52.9,2657,2453
411,52.9,2243,2703
412,52.9,2608,2482
413,52.9,2413,2284
414,52.9,2232,3286
415,52.9,2694,2377
416,52.9,2493,2460
417,52.9,2479,2926
418,52.9,2444,2745
419,52.9,2534,2561
420,52.9,2322,2749
421,52.9,2421,2631
422,52.9,2471,2523
423,52.9,2442,2823
424,52.9,2581,2761
425,52.9,2605,2758
426,52.9,2675,2618
427,52.9,2376,3174
428,52.9,2829,2410
429,52.9,2523,2856
430,52.9,2593,2451
431,52.9,2471,2967
432,52.9,2626,2297
433,52.9,2243,2748
434,52.9,2543,2351
435,52.9,2407,2463
436,52.9,2615,2634
437,52.9,2680,2747
438,52.9,2798,2843
439,52.9,2895,3105
440,52.9,2920,2823
441,52.9,3006,2977
442,52.9,2980,3305
443,52.9,3054,3132
444,52.9,3274,2864
445,52.9,2981,3310
446,52.9,2854,3105
447,52.9,2783,2867
448,52.9,2732,3315
449,52.9,2777,2588
450,52.9,2648,2599
451,52.9,2491,2976
452,52.9,2819,2833
453,52.9,2817,2803
454,52.9,2820,2933
455,52.9,2853,3034
456,52.9,3015,3612
457,52.9,3376,2533
458,52.9,2887,2646
459,52.9,2616,3179
460,52.9,2897,2597
461,52.9,2654,2958
462,52.9,2591,2741
463,52.9,2680,2344
464,52.9,2371,2537
465,52.9,2423,2499
466,52.9,2282,2343
467,52.9,2213,2742
468,52.9,2637,2491
469,52.9,2257,2751
470,52.9,2551,2424
471,52.9,2562,2219
472,52.9,2384,2626
473,52.9,2434,2962
474,52.9,2563,2492
475,52.9,2671,2722
476,52.9,2591,3021
477,52.9,2783,2430
478,52.9,2430,3090
479,52.9,2703,2503
480,52.9,2366,2717
481,52.9,2641,2866
482,52.9,2444,2548
483,52.9,2464,2620
484,52.9,2583,2433
485,52.9,2409,2611
486,52.9,2670,2621
487,52.9,2611,2396
488,52.9,2475,2414
489,52.9,2667,2838
490,52.9,2610,2763
491,52.9,2632,2865
492,52.9,2781,2285
493,52.9,2505,2560
494,52.9,2441,2668
495,52.9,2700,2728
496,52.9,2679,2558
497,52.9,2563,2732
498,52.9,2674,2518
499,52.9,2436,3024
500,52.9,2988,2355
501,52.9,2522,2279
502,53.0,2507,2374
503,53.0,2350,2224
504,53.0,2178,2658
505,53.0,2477,2616
506,53.0,2406,2414
507,53.0,2233,2757
508,53.0,2605,2565
509,53.0,2618,2590
510,53.0,2339,2480
511,53.0,2488,2385
512,53.0,2186,2757
513,53.0,2469,2481
514,53.0,2306,2496
515,53.0,2405,2492
516,53.0,2382,2488
517,53.0,2432,2333
518,53.0,2422,2304
519,53.0,2330,2638
520,53.0,2630,2255
521,53.0,2431,2546
522,53.0,2353,2604
523,53.0,2468,2300
524,53.0,2311,2464
525,53.0,2373,2446
526,53.0,2387,2440
527,53.0,2156,2866
528,53.0,2593,2268
529,53.0,2416,2121
530,53.0,2213,2601
531,53.0,2482,2588
532,53.0,2430,2250
533,53.0,2235,2616
534,53.0,2268,2330
535,53.0,2433,2201
536,53.0,2233,2105
537,53.0,2256,2562
538,53.0,2201,2685
539,53.0,2637,2288
540,53.0,2341,2359
541,53.0,2182,2446
542,53.0,2155,2526
543,53.0,2282,2471
544,53.0,2357,2340
545,53.0,2266,2289
546,53.0,2149,2428
547,53.0,2314,2459
548,53.0,2415,2746
549,53.0,2476,2438
550,53.0,2364,2584
551,53.0,2372,2390
552,53.0,2313,2385
553,53.0,2148,2743
554,53.0,2513,2298
555,53.0,2144,2388
556,53.0,2333,2393
557,53.0,2308,2343
558,53.0,2382,2370
559,53.0,2266,2274
560,52.9,2218,2457
561,52.9,2263,2316
562,52.9,2304,2217
563,52.9,2253,2374
564,52.9,2273,2513
565,52.9,2295,1957
566,52.9,2170,2503
567,52.9,2137,2443
568,52.9,2089,2162
569,52.9,2309,2226
570,52.9,2086,2392
571,52.9,2214,2035
572,52.9,2209,2216
573,52.9,2235,2288
574,52.9,2169,2360
575,52.9,2427,2224
576,52.9,2177,2307
577,52.9,2179,2152
578,52.9,2185,2459
579,52.9,2218,2172
580,52.9,2189,2228
581,52.9,2115,2175
582,52.9,1987,2341
583,52.9,2293,2091
584,52.9,2021,2324
585,52.9,2203,2040
586,52.9,1899,2188
587,52.9,2204,2292
588,52.9,2206,2137
589,52.9,2114,2315
590,52.9,2041,2194
591,52.9,2125,2009
592,52.9,2102,2093
593,52.9,2084,2248
594,52.9,2130,2137
595,52.9,1950,2487
596,52.9,2103,2092
597,52.9,1992,2019
598,52.9,2247,2031
599,52.9,2011,2191
600,52.9,2115,2130
601,52.9,2090,2343
602,52.9,1978,2318
603,52.9,2076,2004
604,52.9,2173,2090
605,52.9,2183,2299
606,52.9,1986,2054
607,52.9,2102,2467
608,52.9,2128,2089
609,52.9,1977,2005
610,52.9,2104,2182
611,52.9,2174,2197
612,52.9,2107,2103
613,52.9,2049,2301
614,52.9,2214,2158
615,52.9,2076,2521
616,52.9,2215,1961
617,52.9,2070,2276
618,52.9,2163,2003
619,52.9,2163,2289
620,52.9,2105,2333
621,52.9,2118,2375
622,52.9,2197,1974
623,52.9,2156,2095
624,52.9,2204,2329
625,52.9,2088,2049
626,52.9,2160,2158
627,52.9,2037,2421
628,52.9,2202,2131
629,52.9,2228,2258
630,52.9,2130,2185
631,52.9,2142,2277
632,52.9,2022,2104
633,52.9,2159,1941
634,52.9,2216,2220
635,52.9,1982,2274
636,52.9,1968,2195
637,52.9,2285,2067
638,52.9,2045,2445
639,52.9,2228,2377
640,52.9,2046,2094
641,52.9,2258,2416
642,52.9,1952,2103
643,52.9,2209,2040
644,52.9,2027,2321
645,52.9,2348,2028
646,52.9,1906,2508
647,52.9,2312,1939
648,52.9,2216,2204
649,52.9,2070,2024
650,52.9,2046,2075
651,52.9,2090,2201
652,52.9,2122,2545
653,52.9,2206,2167
654,52.9,2048,2393
655,52.9,2253,1939
656,52.9,2009,2064
657,52.9,2197,2070
658,52.9,2179,1996
659,52.9,2026,2398
660,52.9,2166,2366
661,52.9,2092,2265
662,52.9,2252,2077
663,52.9,2257,2373
664,52.9,2204,2410
665,52.9,2301,2284
666,52.9,2191,2396
667,52.9,2186,2070
668,52.9,2393,2214
669,52.9,2464,2326
670,52.9,2467,2595
671,52.9,2513,2653
672,52.9,2394,2621
673,52.9,2481,2528
674,52.9,2625,2371
675,52.9,2398,2429
676,52.9,2195,2414
677,52.9,2522,2401
678,52.9,2361,2476
679,52.9,2357,2140
680,52.9,2232,2262
681,52.9,2141,2474
682,52.9,2002,2253
683,52.9,2177,1984
684,52.9,2109,2096
685,52.9,2058,2481
686,52.9,2103,2036
687,52.9,2098,2262
688,52.9,2196,2126
689,52.9,2130,2138
690,52.9,2442,2104
691,52.9,2155,2357
692,52.9,2247,2421
693,52.9,2251,2261
694,52.9,2165,2277
695,52.9,2432,2291
696,52.9,2562,2407
697,52.9,2318,2764
698,52.9,2290,2650
699,52.9,2366,2368
700,52.9,2382,2358
701,52.9,2378,2322
702,53.0,2466,2412
703,53.0,2451,2699
704,53.0,2500,2463
705,53.0,2044,2740
706,53.0,2538,2295
707,53.0,2360,2562
708,53.0,2254,2453
709,53.0,2275,2326
710,53.0,2333,2230
711,53.0,2364,2495
712,53.0,2409,2510
713,53.0,2220,2326
714,53.0,2272,2226
715,53.0,2222,2509
716,53.0,2247,2373
717,53.0,2093,2210
718,53.0,2110,2275
719,53.0,2174,2220
720,53.0,2144,2104
721,53.0,2278,2205
722,53.0,2089,2400
723,53.0,2242,2221
724,53.0,1990,2239
725,53.0,2116,2093
726,53.0,2201,2100
727,53.0,2216,2122
728,53.0,2159,2512
729,53.0,2369,2167
730,53.0,2176,2447
731,53.0,2322,2099
732,53.0,2215,2392
733,53.0,2019,2665
734,53.0,2320,2056
735,53.0,2248,2180
736,53.0,2240,2413
737,53.0,2081,2533
738,53.0,2294,2265
739,53.0,2376,2173
740,53.0,2289,2714
741,53.0,2352,2354
742,53.0,2123,2510
743,53.0,2438,2167
744,53.0,2110,2490
745,53.0,2319,2207
746,53.0,2129,2414
747,53.0,2248,2265
748,53.0,2146,2337
749,53.0,2289,2572
750,53.0,2282,2464
751,53.0,2322,2498
752,53.0,2449,2274
753,53.0,2568,2632
754,53.0,2473,2618
755,53.0,2477,2685
756,53.0,2751,2603
757,53.0,2432,2728
758,53.0,2236,2535
759,53.0,2296,2651
760,53.0,2410,2325
761,53.0,2062,2275
762,53.0,2398,2242
763,53.0,2394,2292
764,53.0,2354,2668
765,53.0,2333,2577
766,53.0,2335,2453
767,53.0,2421,2592
768,53.0,2482,2429
769,53.0,2468,2412
770,52.9,2285,2478
771,52.9,2392,2531
772,52.9,2213,2440
773,52.9,2139,2171
774,52.9,2405,2212
775,52.9,2480,2267
776,52.9,2323,2360
777,52.9,2374,2468
778,52.9,2347,2660
779,52.9,2591,2434
780,52.9,2320,2723
781,52.9,2448,2552
782,52.9,2500,2517
783,52.9,2569,2650
784,52.9,2313,2935
785,52.9,2444,2532
786,52.9,2467,2498
787,52.9,2544,2643
788,52.9,2572,2953
789,52.9,2559,2510
790,52.9,2408,2640
791,52.9,2521,2512
792,52.9,2466,2836
793,52.9,2572,2649
794,52.9,2567,2657
795,52.9,2340,2660
796,52.9,2439,2755
797,52.9,2488,2589
798,52.9,2591,2623
799,52.9,2588,2763
800,52.9,2360,2688
801,52.9,2417,2450
802,52.9,2266,2878
803,52.9,2253,2379
804,52.9,2239,2321
805,52.9,2287,2498
806,52.9,2155,2375
807,52.9,2190,2161
808,52.9,2212,2198
809,52.9,2250,2430
810,52.9,2356,2282
811,52.9,2281,2617
812,52.9,2257,2243
813,52.9,2125,2374
814,52.9,2260,2114
815,52.9,2122,2317
816,52.9,2316,2184
817,52.9,2104,2318
818,52.9,2154,2232
819,52.9,2050,2413
820,52.9,2206,2307
821,52.9,2243,2098
822,52.9,2243,2204
823,52.9,2158,2506
824,52.9,2258,2462
825,52.9,2310,2629
826,52.9,2274,2427
827,52.9,2510,2342
828,52.9,2320,2810
829,52.9,2342,2444
830,52.9,2492,2525
831,52.9,2331,2759
832,52.9,2315,2582
833,52.9,2433,2610
834,52.9,2284,2786
835,52.9,2448,2696
836,52.9,2524,2612
837,52.9,2533,2671
838,52.9,2558,2912
839,52.9,2743,3057
840,52.9,2569,3010
841,52.9,2730,2898
842,52.9,2573,3295
843,52.9,2656,2908
844,52.9,2722,2772
845,52.9,2797,3014
846,52.9,2745,3164
847,52.9,2733,3173
848,52.9,2604,3095
849,52.9,2516,2944
850,52.9,2632,2868
851,52.9,2463,2962
852,52.9,2534,2860
853,52.9,2551,3275
854,52.9,2667,2782
855,52.9,2415,3284
856,52.9,2634,2822
857,52.9,2378,3078
858,52.9,2371,2587
859,52.9,2153,2723
860,52.9,2355,2575
861,52.9,2221,2558
862,52.9,2331,2590
863,52.9,2265,2762
864,52.9,2354,2545
865,52.9,2246,2705
866,52.9,2458,2526
867,52.9,2139,2660
868,52.9,2058,2787
869,52.9,2084,2366
870,52.9,2208,2166
871,52.9,2249,2647
872,52.9,2173,2478
873,52.9,2070,2257
874,52.9,2102,2174
875,52.9,2116,2430
876,52.9,2176,2472
877,52.9,2338,2332
878,52.9,2164,2238
879,52.9,2016,2333
880,52.9,2066,2175
881,52.9,2231,2177
882,52.9,2053,2348
883,52.9,2176,2044
884,52.9,2096,2338
885,52.9,2251,1858
886,52.9,2243,2281
887,52.9,1993,2471
888,52.9,2109,2248
889,52.9,2214,2007
890,52.9,2061,1952
891,52.9,1984,2366
892,52.9,2166,2019
893,52.9,1993,2100
894,52.9,2046,2376
895,52.9,2128,1982
896,52.9,2121,2168
897,52.9,1975,2380
898,52.9,2106,2072
899,52.9,2129,1876
900,52.9,1926,2333
901,52.9,2055,2108
902,52.9,2000,2357
903,52.9,1932,2130
904,52.9,2024,2128
905,52.9,2065,2118
906,52.9,2131,2046
907,52.9,1779,2351
908,52.9,2183,2144
909,52.9,2026,2028
910,52.9,1959,2198
911,52.9,2064,1892
912,52.9,1795,2422
913,52.9,2160,1974
914,52.9,2027,2097
915,52.9,2123,2091
916,52.9,1988,2067
917,52.9,2212,1777
918,52.9,1966,2141
919,52.9,1851,2378
920,52.9,2097,1804
921,52.9,2177,2064
922,52.9,2182,2340
923,52.9,1886,2098
924,52.9,2128,2134
925,52.9,2101,2075
926,52.9,1899,2274
927,52.9,2225,2082
928,52.9,2013,2524
929,52.9,1943,2115
930,52.9,2033,2228
931,52.9,2046,2149
932,52.9,1968,2244
933,52.9,2110,2077
934,52.9,1916,2271
935,52.9,2194,1778
936,52.9,2032,2053
937,52.9,1808,2210
938,52.9,2068,2098
939,52.9,2052,1854
940,52.9,2112,1898
941,52.9,2042,2172
942,52.9,1926,2007
943,52.9,1735,2434
944,52.9,2070,2054
945,52.9,2184,2039
946,52.9,2082,2189
947,52.9,2154,2288
948,52.9,2403,2017
949,52.9,2003,2379
950,52.9,2026,2150
951,52.9,2195,2206
952,52.9,2169,2388
953,52.9,2268,2518
954,52.9,2174,2464
955,52.9,2506,2761
956,52.9,2560,2166
957,52.9,2260,2707
958,52.9,2416,2258
959,52.9,2346,2275
960,52.9,2400,2698
961,52.9,2340,2714
962,52.9,2485,2323
963,52.9,2203,2717
964,52.9,2606,2442
965,52.9,2410,2505
966,52.9,2438,2763
967,52.9,2477,2426
968,52.9,2672,2460
969,52.9,2302,2693
970,52.9,2381,2260
971,52.9,2394,2517
972,52.9,2538,2333
973,52.9,2376,2341
974,52.9,2486,2534
975,52.9,2316,2655
976,52.9,2465,2429
977,52.9,2364,2366
978,52.9,2379,2283
979,52.9,2366,2659
980,52.9,2427,2039
981,52.9,2044,2228
982,52.9,2289,2481
983,52.9,2281,2313
984,52.9,2356,2146
985,52.9,2146,2227
986,52.9,2250,2396
987,52.9,2390,2199
988,52.9,2213,2076
989,52.9,2125,2210
990,52.9,2207,2356
991,52.9,2190,2059
992,52.9,2045,2427
993,52.9,2333,2214
994,52.9,2065,2501
995,52.9,2424,2010
996,52.9,2088,2656
997,52.9,2288,2295
998,52.9,2124,2516
999,52.9,2430,2133
