freq_hz,magnitude
0.000000000000000000e+00,3.232668299502086029e+01
9.731093974258628321e-02,3.863408325138104971e+01
1.946218794851725664e-01,1.170614243531300680e+01
2.919328192277588219e-01,2.475079357454118067e+01
3.892437589703451328e-01,8.690611402878969827e+00
4.865546987129314438e-01,8.715212164749249979e+00
5.838656384555176437e-01,9.570121778117176348e+00
6.811765781981039547e-01,5.701325691735402046e+00
7.784875179406902657e-01,6.987948699451902002e+00
8.757984576832765766e-01,3.277239523980974401e+00
9.731093974258628876e-01,4.969766057169166196e+00
1.070420337168449088e+00,7.860419207434038213e+00
1.167731276911035287e+00,4.231020742837905857e+00
1.265042216653621709e+00,1.026137809624889918e+01
1.362353156396207909e+00,4.238453297687340360e+00
1.459664096138794331e+00,4.734647652768502191e+00
1.556975035881380531e+00,7.669562017687148625e+00
1.654285975623966731e+00,1.895722497366206349e+00
1.751596915366553153e+00,4.630550655036767438e+00
1.848907855109139353e+00,4.064057243544670683e+00
1.946218794851725775e+00,3.061085476094485447e+00
2.043529734594311975e+00,3.646811586891409274e+00
2.140840674336898175e+00,2.771580257315064522e+00
2.238151614079484375e+00,5.772825631101183852e+00
2.335462553822070575e+00,8.022469793413110617e-01
2.432773493564657219e+00,2.511290151269385706e+00
2.530084433307243419e+00,6.248433503616405815e+00
2.627395373049829619e+00,5.451608466977334366e+00
2.724706312792415819e+00,3.369647970624583877e+00
2.822017252535002019e+00,7.123702802298559789e+00
2.919328192277588663e+00,4.738316326675110268e+00
3.016639132020174863e+00,5.149433444256816372e+00
3.113950071762761063e+00,6.069528421291331632e+00
3.211261011505347263e+00,1.117552036448176800e+00
3.308571951247933463e+00,4.832420238655706690e+00
3.405882890990520107e+00,4.951681418108060839e+00
3.503193830733106306e+00,8.701038788046610017e-01
3.600504770475692506e+00,2.570070154845895072e+00
3.697815710218278706e+00,3.816260487391464284e+00
3.795126649960864906e+00,1.508922193755022789e+00
3.892437589703451550e+00,7.918164685944318881e-01
3.989748529446037750e+00,1.020389694605108311e+00
4.087059469188623950e+00,1.832538205361410988e+00
4.184370408931210150e+00,8.403384864931834342e-01
4.281681348673796350e+00,1.525305166737104479e+00
4.378992288416382550e+00,6.130397652887975557e-01
4.476303228158968750e+00,1.546618234802840108e+00
4.573614167901554950e+00,2.206547116343949622e+00
4.670925107644141150e+00,2.802941915741106182e+00
4.768236047386728238e+00,4.767153531937313282e+00
4.865546987129314438e+00,1.717163039851544726e+00
4.962857926871900638e+00,4.520607973642943200e+00
5.060168866614486838e+00,7.063651561382267019e+00
5.157479806357073038e+00,2.438330557111944241e+00
5.254790746099659238e+00,3.135109651327249836e+00
5.352101685842245438e+00,6.510074250140775121e+00
5.449412625584831638e+00,5.045005660229649358e+00
5.546723565327417838e+00,1.130496558342812596e+00
5.644034505070004037e+00,4.108757360213507681e+00
5.741345444812591126e+00,3.094562156138125797e+00
5.838656384555177326e+00,2.505911999606170504e+00
5.935967324297763525e+00,5.999357673141734182e-01
6.033278264040349725e+00,7.404106465388197167e-01
6.130589203782935925e+00,1.305677088774795935e+00
6.227900143525522125e+00,2.088057373325120647e+00
6.325211083268108325e+00,4.390415466983171200e+00
6.422522023010694525e+00,3.790155013101455861e+00
6.519832962753280725e+00,1.544803261552689655e+00
6.617143902495866925e+00,6.051493436329739239e+00
6.714454842238453125e+00,5.587722094602511014e+00
6.811765781981040213e+00,2.128335636106539752e+00
6.909076721723626413e+00,4.725881661365490594e+00
7.006387661466212613e+00,3.599146976717211732e+00
7.103698601208798813e+00,3.323243485811907760e+00
7.201009540951385013e+00,1.872380044668406240e+00
7.298320480693971213e+00,1.178192761216907858e+00
7.395631420436557413e+00,2.055628236789037278e+00
7.492942360179143613e+00,1.602743817420104744e+00
7.590253299921729813e+00,2.689045189088915322e+00
7.687564239664316013e+00,3.952887664038251980e+00
7.784875179406903101e+00,2.817539395572092875e+00
7.882186119149489301e+00,4.483554099146456196e+00
7.979497058892075501e+00,6.307176955512519001e+00
8.076807998634661701e+00,3.391840191432408336e+00
8.174118938377247900e+00,5.064336833771154289e+00
8.271429878119834100e+00,5.412744597870486452e+00
8.368740817862420300e+00,3.153075840604703917e+00
8.466051757605006500e+00,4.151246526680426818e+00
8.563362697347592700e+00,2.546437726208688801e+00
8.660673637090178900e+00,2.233243265723995563e+00
8.757984576832765100e+00,2.062873773239158215e+00
8.855295516575351300e+00,2.906212521034137741e-01
8.952606456317937500e+00,2.544417995416611511e+00
9.049917396060523700e+00,1.325213962375643817e+00
9.147228335803109900e+00,2.078751229029211611e+00
9.244539275545696100e+00,4.238254658457552893e+00
9.341850215288282300e+00,4.059173113306584035e+00
9.439161155030870276e+00,2.608991592991106057e+00
9.536472094773456476e+00,5.875078061030765575e+00
9.633783034516042676e+00,3.779787771954242093e+00
9.731093974258628876e+00,4.452213228572556858e+00
9.828404914001215076e+00,4.496886649878994113e+00
9.925715853743801276e+00,1.950684872136692505e+00
1.002302679348638748e+01,5.741418442864143046e+00
1.012033773322897368e+01,2.038628736118351714e+00
1.021764867297155988e+01,2.736452268877999305e+00
1.031495961271414608e+01,3.652931243599387923e+00
1.041227055245673228e+01,1.312337347490757367e+00
1.050958149219931848e+01,1.066010309264707301e+00
1.060689243194190468e+01,1.454479013568124701e+00
1.070420337168449088e+01,2.026463830634536833e+00
1.080151431142707708e+01,8.520683707411057517e-01
1.089882525116966328e+01,3.758147601830930995e+00
1.099613619091224948e+01,2.542898201724225871e+00
1.109344713065483568e+01,9.721389011856564899e-01
1.119075807039742187e+01,3.511658441354776450e+00
1.128806901014000807e+01,2.373165201757375442e+00
1.138537994988259427e+01,7.905410678057888108e-01
1.148269088962518225e+01,3.209819535952391334e+00
1.158000182936776845e+01,2.445718766566888469e+00
1.167731276911035465e+01,9.613215796799678969e-01
1.177462370885294085e+01,4.910661671031583353e+00
1.187193464859552705e+01,3.261839488811578924e+00
1.196924558833811325e+01,2.007026747715955572e+00
1.206655652808069945e+01,4.638729740103819665e+00
1.216386746782328565e+01,3.834466380178592981e+00
1.226117840756587185e+01,1.673878152165073407e+00
1.235848934730845805e+01,4.550110343326835505e+00
1.245580028705104425e+01,2.738327005199117536e+00
1.255311122679363045e+01,1.379953079388333670e+00
1.265042216653621665e+01,4.167125168845735139e+00
1.274773310627880285e+01,1.688888920506962821e+00
1.284504404602138905e+01,7.566880926886353498e-01
1.294235498576397525e+01,4.001403194804153962e+00
1.303966592550656145e+01,2.187707832103860994e+00
1.313697686524914765e+01,2.299354420157686985e+00
1.323428780499173385e+01,3.556325148475104836e+00
1.333159874473432005e+01,1.238455078738139870e+00
1.342890968447690625e+01,3.429664395332345794e+00
1.352622062421949423e+01,2.100415701769589472e+00
1.362353156396208043e+01,2.985857291168372285e+00
1.372084250370466663e+01,1.495577870532081910e+00
1.381815344344725283e+01,9.311693924096080544e-01
1.391546438318983903e+01,2.388425829779764253e+00
1.401277532293242523e+01,1.922167692584276555e+00
1.411008626267501143e+01,2.254907728197396821e+00
1.420739720241759763e+01,1.897818871657453554e+00
1.430470814216018383e+01,4.068359202474887582e+00
1.440201908190277003e+01,5.463082960131195875e+00
1.449933002164535623e+01,1.856609302549671714e+00
1.459664096138794243e+01,6.228961317704658995e+00
1.469395190113052863e+01,6.357544157525870432e+00
1.479126284087311483e+01,3.011616481433083692e+00
1.488857378061570103e+01,6.173162923224895238e+00
1.498588472035828723e+01,5.066751715513497345e+00
1.508319566010087343e+01,3.883496590106509050e+00
1.518050659984345963e+01,4.684782652547162307e+00
1.527781753958604583e+01,2.904687205308597253e+00
1.537512847932863203e+01,3.966286504043928574e+00
1.547243941907121823e+01,2.671254795781993430e+00
1.556975035881380620e+01,1.330203420801563396e+00
1.566706129855639240e+01,2.187637315570285956e+00
1.576437223829897860e+01,2.054768166323701184e+00
1.586168317804156480e+01,9.506432999543066309e-01
1.595899411778415100e+01,2.521223557852307007e+00
1.605630505752673542e+01,1.229745579404530886e+00
1.615361599726932340e+01,8.800230579799701580e-01
1.625092693701190782e+01,1.343808284836092604e+00
1.634823787675449580e+01,1.377930572851001179e+00
1.644554881649708022e+01,6.010120488640547931e-01
1.654285975623966820e+01,9.150219303500274348e-01
1.664017069598225618e+01,3.234215924480395299e-01
1.673748163572484060e+01,5.581028679348077892e-01
1.683479257546742858e+01,2.223828524742631707e+00
1.693210351521001300e+01,1.779450576575939191e+00
1.702941445495260098e+01,3.890616131121226728e-01
1.712672539469518540e+01,3.242398568849142571e+00
1.722403633443777338e+01,2.643298972490430110e+00
1.732134727418035780e+01,2.894063448882357559e+00
1.741865821392294578e+01,1.913555471071248126e+00
1.751596915366553020e+01,5.151072688629256824e+00
1.761328009340811818e+01,3.430593136083763817e+00
1.771059103315070260e+01,2.116197669652174707e+00
1.780790197289329058e+01,4.518149826570832417e+00
1.790521291263587500e+01,2.993590292550823317e+00
1.800252385237846298e+01,2.517739364297174820e+00
1.809983479212104740e+01,2.973460910220265596e+00
1.819714573186363538e+01,2.579044409037550167e+00
1.829445667160621980e+01,1.817640362565903667e+00
1.839176761134880778e+01,3.252149382467505401e+00
1.848907855109139220e+01,1.171007884557332845e+00
1.858638949083398018e+01,3.453949003057521949e+00
1.868370043057656460e+01,3.264111286223104536e+00
1.878101137031915258e+01,1.800944590858367667e+00
1.887832231006174055e+01,3.175450396261503272e+00
1.897563324980432498e+01,2.278064692969981486e+00
1.907294418954691295e+01,1.229848692740054927e+00
1.917025512928949738e+01,2.253728845026022665e+00
1.926756606903208535e+01,1.599627446428167010e+00
1.936487700877466978e+01,2.638359304648318027e+00
1.946218794851725775e+01,2.667589689842488010e+00
1.955949888825984218e+01,9.336546026088095029e-01
1.965680982800243015e+01,3.926872649157225670e+00
1.975412076774501458e+01,3.038175218875179162e+00
1.985143170748760255e+01,1.022844702349248402e+00
1.994874264723018698e+01,2.382830458603002466e+00
2.004605358697277495e+01,4.554779144004667657e+00
2.014336452671535937e+01,1.106346560172437821e+00
2.024067546645794735e+01,1.092450219406801759e+00
2.033798640620053177e+01,4.290826321408812483e+00
2.043529734594311975e+01,7.926744642184866407e-01
2.053260828568570417e+01,1.805048104747188464e+00
2.062991922542829215e+01,3.671052075967625949e+00
2.072723016517087657e+01,1.394493725188100219e+00
2.082454110491346455e+01,4.375911576707527395e+00
2.092185204465605253e+01,4.502054847488691891e+00
2.101916298439863695e+01,3.248460620197905158e+00
2.111647392414122493e+01,4.507135297969232290e+00
2.121378486388380935e+01,2.996324167307283570e+00
2.131109580362639733e+01,1.721670758599952666e+00
2.140840674336898175e+01,2.215623987552263419e+00
2.150571768311156973e+01,1.707030022143887660e+00
2.160302862285415415e+01,1.872532982615707109e+00
2.170033956259674213e+01,1.722819015921953412e+00
2.179765050233932655e+01,1.438937396483706443e+00
2.189496144208191453e+01,9.319597822917361496e-01
2.199227238182449895e+01,6.002115820700146820e-01
2.208958332156708693e+01,5.482431954445504685e-01
2.218689426130967135e+01,9.847598481727452002e-01
2.228420520105225933e+01,2.096048858930931402e+00
2.238151614079484375e+01,9.581422982135332500e-01
2.247882708053743173e+01,9.798558785251701986e-01
2.257613802028001615e+01,2.124977151315474710e+00
2.267344896002260413e+01,1.660890398254727174e+00
2.277075989976518855e+01,9.304760017034966468e-01
2.286807083950777653e+01,1.538254022122410580e+00
2.296538177925036450e+01,4.836098760590021861e-01
2.306269271899294893e+01,2.005999728886597833e+00
2.316000365873553690e+01,1.002405664718228451e+00
2.325731459847812133e+01,1.732888718026780239e+00
2.335462553822070930e+01,2.028694157126252229e+00
2.345193647796329373e+01,9.911091446698389040e-01
2.354924741770588170e+01,1.113423979517082607e+00
2.364655835744846613e+01,1.250628447388087316e+00
2.374386929719105410e+01,1.546042474012875090e+00
2.384118023693363853e+01,8.978312818036018328e-01
2.393849117667622650e+01,1.029718344501957983e+00
2.403580211641881093e+01,1.184069663122661931e+00
2.413311305616139890e+01,1.337822883751957459e+00
2.423042399590398333e+01,1.919591816806465401e+00
2.432773493564657130e+01,2.818684364326725422e+00
2.442504587538915573e+01,1.922029119389917939e+00
2.452235681513174370e+01,2.436308437907591884e+00
2.461966775487432812e+01,2.109143045977349473e+00
2.471697869461691610e+01,3.229672257006903635e-01
2.481428963435950052e+01,7.825679606808823019e-01
2.491160057410208850e+01,1.430875418373495744e+00
2.500891151384467648e+01,1.669652219219988298e+00
2.510622245358726090e+01,6.546920115845870081e-01
2.520353339332984888e+01,1.588539772363213753e+00
2.530084433307243330e+01,1.080490069416503607e+00
2.539815527281502128e+01,1.100185798235588486e+00
2.549546621255760570e+01,4.014049130406413535e-01
2.559277715230019368e+01,2.368336365178660141e-01
2.569008809204277810e+01,1.446125325444180598e+00
2.578739903178536608e+01,1.916330864130127321e+00
2.588470997152795050e+01,9.619624415589999034e-01
2.598202091127053848e+01,2.064892822329555511e+00
2.607933185101312290e+01,1.960360553796514305e+00
2.617664279075571088e+01,1.262566079634166227e+00
2.627395373049829530e+01,8.771388981169805366e-01
2.637126467024088328e+01,4.210244069853709137e-01
2.646857560998346770e+01,2.867649995624070414e+00
2.656588654972605568e+01,1.165809020090952108e+00
2.666319748946864010e+01,8.492762834396448968e-01
2.676050842921122808e+01,2.313178923830040201e+00
2.685781936895381250e+01,1.777220121049832569e-01
2.695513030869640048e+01,1.349918012105036369e-01
2.705244124843898845e+01,7.270762816704706699e-01
2.714975218818157288e+01,1.869188341900908990e+00
2.724706312792416085e+01,1.237395221326857087e+00
2.734437406766674528e+01,6.793913591310362099e-01
2.744168500740933325e+01,2.922695597111664600e+00
2.753899594715191768e+01,1.119386466393374802e+00
2.763630688689450565e+01,1.023311591553805355e+00
2.773361782663709008e+01,2.179429559655576387e+00
2.783092876637967805e+01,1.253939174382271649e+00
2.792823970612226248e+01,2.822589746841252190e+00
2.802555064586485045e+01,1.697126479049309911e+00
2.812286158560743488e+01,2.832857576003581901e+00
2.822017252535002285e+01,3.717077426886721270e+00
2.831748346509260728e+01,1.547720496603366191e+00
2.841479440483519525e+01,3.113244494983591792e+00
2.851210534457777968e+01,1.971470741343466448e+00
2.860941628432036765e+01,2.195382209187590750e+00
2.870672722406295208e+01,2.439842972801633536e+00
2.880403816380554005e+01,8.386193264646903955e-01
2.890134910354812448e+01,2.631827881388581147e+00
2.899866004329071245e+01,1.292543443219190680e+00
2.909597098303330043e+01,5.771439541226349723e-01
2.919328192277588485e+01,4.724171535047407833e-01
2.929059286251847283e+01,1.347239602406073322e+00
2.938790380226105725e+01,1.636992820324074005e+00
2.948521474200364523e+01,1.552968745287371721e+00
2.958252568174622965e+01,1.323316699272914176e+00
2.967983662148881763e+01,1.234772038527932159e+00
2.977714756123140205e+01,7.887602354079882305e-01
2.987445850097399003e+01,4.489242271827442177e-01
2.997176944071657445e+01,5.162179671649853585e-01
3.006908038045916243e+01,1.137124708261773032e+00
3.016639132020174685e+01,1.249110160068513276e+00
3.026370225994433483e+01,8.861457277086309814e-01
3.036101319968691925e+01,2.726472797753095367e+00
3.045832413942950723e+01,3.519076120140409270e+00
3.055563507917209165e+01,6.074728834003408906e-01
3.065294601891467963e+01,4.289504921802246962e+00
3.075025695865726405e+01,3.745854158332622585e+00
3.084756789839985203e+01,3.468243135454927462e+00
3.094487883814243645e+01,3.711325169966620319e+00
3.104218977788502443e+01,3.690854219321474616e+00
3.113950071762761240e+01,5.397384971455307046e+00
3.123681165737019683e+01,4.029423076300090223e+00
3.133412259711278480e+01,2.097417954957390585e+00
3.143143353685536923e+01,5.452402765472013080e+00
3.152874447659795720e+01,4.246815283963058185e+00
3.162605541634054163e+01,1.693779193356475865e+00
3.172336635608312960e+01,2.708809726778908189e+00
3.182067729582571403e+01,3.538206709133505878e+00
3.191798823556830200e+01,1.688929301663024019e+00
3.201529917531088643e+01,8.648555149788799135e-01
3.211261011505347085e+01,1.420372522596748066e+00
3.220992105479606238e+01,1.732533930858018323e+00
3.230723199453864680e+01,1.005624073074886882e+00
3.240454293428123123e+01,2.025769396502018260e+00
3.250185387402381565e+01,2.334613644717396852e+00
3.259916481376640718e+01,1.147205052926868918e+00
3.269647575350899160e+01,2.026837088791937358e+00
3.279378669325157603e+01,1.348665667195807716e+00
3.289109763299416045e+01,9.499811497608929844e-01
3.298840857273675198e+01,1.067648479537236295e+00
3.308571951247933640e+01,7.906381389545514837e-01
3.318303045222192083e+01,1.328070482976502653e+00
3.328034139196451235e+01,2.115775479146764226e+00
3.337765233170709678e+01,2.400632582127630865e+00
3.347496327144968120e+01,1.867504029336404914e+00
3.357227421119226562e+01,2.333292429819496583e+00
3.366958515093485715e+01,4.464581534833905963e+00
3.376689609067744158e+01,3.029564192871744499e+00
3.386420703042002600e+01,2.700391015284888674e+00
3.396151797016261042e+01,3.712544792520650283e+00
3.405882890990520195e+01,3.890142544914365619e+00
3.415613984964778638e+01,2.830314099080781798e+00
3.425345078939037080e+01,1.924090425674595206e+00
3.435076172913295522e+01,3.205133022307931512e+00
3.444807266887554675e+01,2.842742628437600949e+00
3.454538360861813118e+01,1.366119311509339074e+00
3.464269454836071560e+01,1.261828366380690181e+00
3.474000548810330002e+01,1.656363988928883035e+00
3.483731642784589155e+01,2.173385111038423911e+00
3.493462736758847598e+01,9.142393592016168080e-01
3.503193830733106040e+01,9.755311026871027469e-01
3.512924924707364482e+01,2.007068368035843431e+00
3.522656018681623635e+01,4.323782230966992657e-01
3.532387112655882078e+01,7.056927767277348940e-01
3.542118206630140520e+01,9.901807535608581068e-01
3.551849300604399673e+01,1.609007593857161300e+00
3.561580394578658115e+01,1.143734927383743605e+00
3.571311488552916558e+01,1.896834504365729313e+00
3.581042582527175000e+01,3.636810017960339536e+00
3.590773676501434153e+01,2.943181074327618330e+00
3.600504770475692595e+01,2.521033941930741484e+00
3.610235864449951038e+01,5.218025933217548484e+00
3.619966958424209480e+01,3.781410063622001605e+00
3.629698052398468633e+01,4.056132282706507830e+00
3.639429146372727075e+01,4.116481645576778092e+00
3.649160240346985518e+01,4.675404891038721367e+00
3.658891334321243960e+01,4.103441062928461669e+00
3.668622428295503113e+01,3.167923770922830062e+00
3.678353522269761555e+01,2.899691239827567379e+00
3.688084616244019998e+01,3.175810658453096735e+00
3.697815710218278440e+01,1.798113437379300183e+00
3.707546804192537593e+01,1.363283348614776402e+00
3.717277898166796035e+01,9.888262545482060517e-01
3.727008992141054478e+01,4.230198433728371010e-01
3.736740086115312920e+01,1.487693549961353723e+00
3.746471180089572073e+01,2.537121282181328041e+00
3.756202274063830515e+01,2.544765008153487607e+00
3.765933368038088958e+01,2.361923063779428400e+00
3.775664462012348110e+01,3.425316381033169044e+00
3.785395555986606553e+01,4.430977431636265784e+00
3.795126649960864995e+01,1.504016947360753864e+00
3.804857743935123437e+01,3.854455845590676777e+00
3.814588837909382590e+01,2.787986000115238561e+00
3.824319931883641033e+01,1.543236094617323362e+00
3.834051025857899475e+01,9.531171944864139656e-01
3.843782119832157917e+01,2.730157166503378807e+00
3.853513213806417070e+01,1.239510638881757387e+00
3.863244307780675513e+01,2.755100565737702123e+00
3.872975401754933955e+01,2.180671002445354389e+00
3.882706495729192397e+01,4.196908790847559523e+00
3.892437589703451550e+01,4.155653191005818314e+00
3.902168683677709993e+01,4.144824611946880566e+00
3.911899777651968435e+01,5.900861821430264165e+00
3.921630871626226877e+01,4.260161431529562392e+00
3.931361965600486030e+01,6.103674253384361315e+00
3.941093059574744473e+01,3.219395351145499351e+00
3.950824153549002915e+01,5.011581553906947484e+00
3.960555247523262068e+01,3.734696867374208029e+00
3.970286341497520510e+01,3.926415545484704950e+00
3.980017435471778953e+01,2.300516138139167222e+00
3.989748529446037395e+01,1.271501223470399067e+00
3.999479623420296548e+01,1.355724345331385416e+00
4.009210717394554990e+01,2.561833043588319647e+00
4.018941811368813433e+01,2.360510839695635354e-01
4.028672905343071875e+01,2.639748677435439728e+00
4.038403999317331028e+01,3.344290435330014244e+00
4.048135093291589470e+01,2.901305963013896871e+00
4.057866187265847913e+01,3.846177369741587082e+00
4.067597281240106355e+01,2.599124523103257811e+00
4.077328375214365508e+01,4.803577893852394531e+00
4.087059469188623950e+01,3.407748377356992986e+00
4.096790563162882393e+01,2.651275336354558476e+00
4.106521657137140835e+01,4.514104657763535755e+00
4.116252751111399988e+01,1.931216122310754679e+00
4.125983845085658430e+01,1.324008209183660689e+00
4.135714939059916873e+01,1.953997161278486772e+00
4.145446033034175315e+01,3.069880035255149187e-01
4.155177127008434468e+01,1.413005608401772362e+00
4.164908220982692910e+01,1.381977892914121542e+00
4.174639314956951353e+01,7.970864426187929119e-01
4.184370408931210505e+01,1.376912616468696227e+00
4.194101502905468948e+01,1.855875575972427471e+00
4.203832596879727390e+01,1.875899987144710845e+00
4.213563690853985833e+01,2.342809602684820192e+00
4.223294784828244985e+01,2.707438491842178996e-01
4.233025878802503428e+01,3.127640876190712849e+00
4.242756972776761870e+01,3.468077060997697192e+00
4.252488066751020312e+01,1.461667304151412106e+00
4.262219160725279465e+01,3.216069314416807323e+00
4.271950254699537908e+01,3.117600888126214720e+00
4.281681348673796350e+01,1.926295242701358879e+00
4.291412442648054792e+01,4.752402923452277328e+00
4.301143536622313945e+01,3.756004428913676474e+00
4.310874630596572388e+01,1.903529975196869506e+00
4.320605724570830830e+01,4.813000746367031013e+00
4.330336818545089272e+01,5.069730711753409835e+00
4.340067912519348425e+01,9.820410585290254568e-01
4.349799006493606868e+01,3.497959548851131917e+00
4.359530100467865310e+01,4.509877688524516870e+00
4.369261194442124463e+01,1.067009163584445197e+00
4.378992288416382905e+01,2.641500345749051792e+00
4.388723382390641348e+01,3.607740610171493945e+00
4.398454476364899790e+01,3.333113019155589996e+00
4.408185570339158943e+01,3.033042602306453173e+00
4.417916664313417385e+01,7.283492457799043862e+00
4.427647758287675828e+01,3.705182770018224048e+00
4.437378852261934270e+01,6.775558463102560047e+00
4.447109946236193423e+01,7.303225705257991862e+00
4.456841040210451865e+01,1.419289565838234513e+00
4.466572134184710308e+01,6.197284476124914399e+00
4.476303228158968750e+01,2.821719727334040861e+00
4.486034322133227903e+01,4.074835958067321684e+00
4.495765416107486345e+01,2.489724669643702093e+00
4.505496510081744788e+01,1.728354230290769067e+00
4.515227604056003230e+01,5.485446183753347249e+00
4.524958698030262383e+01,1.413704486244921732e+00
4.534689792004520825e+01,7.900511550280606698e+00
4.544420885978779268e+01,6.089661211733625734e+00
4.554151979953037710e+01,1.906374512186921555e+00
4.563883073927296863e+01,1.249920088490545567e+01
4.573614167901555305e+01,2.089556601964364990e+00
4.583345261875813748e+01,8.609396669696037563e+00
4.593076355850072900e+01,1.049026529093968740e+01
4.602807449824331343e+01,6.739106428344875610e+00
4.612538543798589785e+01,1.117412135453198019e+01
4.622269637772848228e+01,3.490941232394428440e+00
4.632000731747107380e+01,6.710092977049945340e+00
4.641731825721365823e+01,8.300228830652132572e+00
4.651462919695624265e+01,3.003810907613184256e+00
4.661194013669882708e+01,1.865071985902645668e+00
4.670925107644141860e+01,3.141667334407175716e+00
4.680656201618400303e+01,5.054765596345407452e+00
4.690387295592658745e+01,2.305819141478451240e+00
4.700118389566917187e+01,2.626873404584061600e+00
4.709849483541176340e+01,1.453625297472075806e+00
4.719580577515434783e+01,4.754192870826536854e+00
4.729311671489693225e+01,3.798705075635469885e+00
4.739042765463951667e+01,5.112860067055405189e+00
4.748773859438210820e+01,3.469234060976752687e+00
4.758504953412469263e+01,2.663655324100960620e+00
4.768236047386727705e+01,5.426483937002103630e+00
4.777967141360986858e+01,1.416219651565231441e+00
4.787698235335245300e+01,2.145092899157344135e+00
4.797429329309503743e+01,1.529824088982283392e+00
4.807160423283762185e+01,3.033424310620185693e+00
4.816891517258021338e+01,2.752887793609391398e+00
4.826622611232279780e+01,4.291205758767427270e+00
4.836353705206538223e+01,1.604071829455441689e+00
4.846084799180796665e+01,4.477730558913803449e+00
4.855815893155055818e+01,4.888808893225008667e+00
4.865546987129314260e+01,5.085988015939729934e+00
4.875278081103572703e+01,6.033781226109645068e+00
4.885009175077831145e+01,4.069381141444422312e+00
4.894740269052090298e+01,5.211226084208748333e+00
4.904471363026348740e+01,5.937451140103480185e+00
4.914202457000607183e+01,4.282601427590810417e+00
4.923933550974865625e+01,2.430226861830019125e+00
4.933664644949124778e+01,3.702050793270492690e+00
4.943395738923383220e+01,4.527947947634338277e+00
4.953126832897641663e+01,6.757250124479317055e-01
4.962857926871900105e+01,1.601760413086398271e+00
4.972589020846159258e+01,2.725884758809448360e+00
4.982320114820417700e+01,1.853179557548243483e+00
4.992051208794676143e+01,1.627392287949737781e+00
5.001782302768935295e+01,3.201861811372435529e+00
5.011513396743193738e+01,2.332693053052044885e+00
5.021244490717452180e+01,1.757013674321687757e+00
5.030975584691710623e+01,3.196990588780408427e+00
5.040706678665969775e+01,2.064428339926443368e+00
5.050437772640228218e+01,2.788887984795372255e+00
5.060168866614486660e+01,2.329093104487575783e+00
5.069899960588745103e+01,5.240909463695871295e+00
5.079631054563004255e+01,3.272874606203135084e+00
5.089362148537262698e+01,3.859476980565779147e+00
5.099093242511521140e+01,6.636649567472899136e+00
5.108824336485779583e+01,3.552291668046532624e+00
5.118555430460038735e+01,6.215196074980569918e+00
5.128286524434297178e+01,5.828750284356980060e+00
5.138017618408555620e+01,4.126281913575585492e+00
5.147748712382814062e+01,6.203389655537651315e+00
5.157479806357073215e+01,3.235707916711162202e+00
5.167210900331331658e+01,2.963786184879347640e+00
5.176941994305590100e+01,2.368724672564681555e+00
5.186673088279848542e+01,2.988008727326454395e+00
5.196404182254107695e+01,7.953766642535147202e-01
5.206135276228366138e+01,2.882612786739941590e+00
5.215866370202624580e+01,2.073873017157159993e+00
5.225597464176883733e+01,1.880800954366667943e+00
5.235328558151142175e+01,5.806896134787655761e+00
5.245059652125400618e+01,6.711145165144470681e+00
5.254790746099659060e+01,4.904167653025759410e-01
5.264521840073918213e+01,6.631119723579062430e+00
5.274252934048176655e+01,9.047839062618120209e+00
5.283984028022435098e+01,4.480430392913114623e+00
5.293715121996693540e+01,5.309152352122624485e+00
5.303446215970952693e+01,6.134588017328647780e+00
5.313177309945211135e+01,7.186290624108342406e+00
5.322908403919469578e+01,3.815890823050765324e+00
5.332639497893728020e+01,1.684729323620606678e+00
5.342370591867987173e+01,5.859014549446841080e+00
5.352101685842245615e+01,4.671876208949713671e+00
5.361832779816504058e+01,6.687426217427402619e+00
5.371563873790762500e+01,1.433912430594500798e+00
5.381294967765021653e+01,6.513017549282009711e+00
5.391026061739280095e+01,8.218758714847465896e+00
5.400757155713538538e+01,3.608709799511569560e+00
5.410488249687797691e+01,8.817856807027689925e+00
5.420219343662056133e+01,7.565049337109129191e+00
5.429950437636314575e+01,2.941375418718718215e+00
5.439681531610573018e+01,1.003619935280328157e+01
5.449412625584832170e+01,4.554154918756123216e+00
5.459143719559090613e+01,3.417090315602310913e+00
5.468874813533349055e+01,6.089083206329486408e+00
5.478605907507607498e+01,1.176363249858759508e+00
5.488337001481866650e+01,3.891720056578837905e+00
5.498068095456125093e+01,2.481893201060884735e+00
5.507799189430383535e+01,3.813518295808458358e+00
5.517530283404641978e+01,8.171601384725466488e+00
5.527261377378901130e+01,4.292235872830783450e+00
5.536992471353159573e+01,1.207355366407974806e+01
5.546723565327418015e+01,1.160759254760927206e+01
5.556454659301676458e+01,8.395421555833104676e+00
5.566185753275935610e+01,1.526449321875627518e+01
5.575916847250194053e+01,7.997330614410192773e+00
5.585647941224452495e+01,9.574729810390756768e+00
5.595379035198710937e+01,9.628925700319078018e+00
5.605110129172970090e+01,4.086715122480766738e+00
5.614841223147228533e+01,5.876393956120598894e+00
5.624572317121486975e+01,3.631851895980436229e+00
5.634303411095746128e+01,1.856669128313551020e+00
5.644034505070004570e+01,1.564343409234224103e+00
5.653765599044263013e+01,1.760445171478413506e+00
5.663496693018521455e+01,6.008974192982235785e+00
5.673227786992780608e+01,4.351772293109408274e+00
5.682958880967039050e+01,3.480611953657345659e+00
5.692689974941297493e+01,6.276938156824815707e+00
5.702421068915555935e+01,2.899922000054396154e+00
5.712152162889815088e+01,2.656286715940920917e+00
5.721883256864073530e+01,3.413690646732546519e+00
5.731614350838331973e+01,2.149491287969411690e+00
5.741345444812590415e+01,1.564676353623264182e+00
5.751076538786849568e+01,3.163765931540445386e+00
5.760807632761108010e+01,4.044282608751747610e+00
5.770538726735366453e+01,1.088704223721976838e+00
5.780269820709624895e+01,4.494871603433882257e+00
5.790000914683884048e+01,5.073710618764646796e+00
5.799732008658142490e+01,5.187562304694411930e-01
5.809463102632400933e+01,3.324835572828509722e+00
5.819194196606660086e+01,3.795891405722691125e+00
5.828925290580918528e+01,2.327193602564912922e+00
5.838656384555176970e+01,2.311550741295882894e+00
5.848387478529435413e+01,3.154217548823647910e+00
5.858118572503694566e+01,2.740195982648518935e+00
5.867849666477953008e+01,3.076058069974869635e+00
5.877580760452211450e+01,3.703893897166709692e+00
5.887311854426469893e+01,4.301886189252631887e+00
5.897042948400729045e+01,2.794917284101766874e+00
5.906774042374987488e+01,4.102691055891206418e+00
5.916505136349245930e+01,4.110708832590063366e+00
5.926236230323504373e+01,1.789012316779231559e+00
5.935967324297763525e+01,3.291021096146563352e+00
5.945698418272021968e+01,2.733194857198467442e+00
5.955429512246280410e+01,2.253009664575268634e+00
5.965160606220538853e+01,2.172197071830728632e+00
5.974891700194798005e+01,1.089162403958993997e+00
5.984622794169056448e+01,1.910765031516565182e+00
5.994353888143314890e+01,1.784581069605303272e-01
6.004084982117573333e+01,2.875775079437610238e+00
6.013816076091832485e+01,2.653534706172175461e+00
6.023547170066090928e+01,2.184111239242838565e+00
6.033278264040349370e+01,3.117385778804896201e+00
6.043009358014608523e+01,5.833723985833088932e+00
6.052740451988866965e+01,3.862747927142516247e+00
6.062471545963125408e+01,4.816632838481164747e+00
6.072202639937383850e+01,4.856192470268208439e+00
6.081933733911643003e+01,6.092890646182895331e+00
6.091664827885901445e+01,4.720914701990544415e+00
6.101395921860159888e+01,4.272440491699668108e+00
6.111127015834418330e+01,5.475049728242687763e+00
6.120858109808677483e+01,3.101847855200920101e+00
6.130589203782935925e+01,3.724240092910919842e+00
6.140320297757194368e+01,2.139390417986470005e+00
6.150051391731452810e+01,2.031584347132595170e+00
6.159782485705711963e+01,1.160529307997347992e+00
6.169513579679970405e+01,1.797375179062618455e+00
6.179244673654228848e+01,1.450031391751910537e+00
6.188975767628487290e+01,1.565324659695645826e+00
6.198706861602746443e+01,9.948587883107742336e-01
6.208437955577004885e+01,3.985466735084076007e+00
6.218169049551263328e+01,2.006296068637893448e+00
6.227900143525522481e+01,2.253629606255482365e+00
6.237631237499780923e+01,3.257415836420986199e+00
6.247362331474039365e+01,1.007630933278550023e+00
6.257093425448297808e+01,1.333616664886259517e+00
6.266824519422556961e+01,7.288284003188023608e-01
6.276555613396815403e+01,1.385270279274793515e+00
6.286286707371073845e+01,7.117441732581525349e-01
6.296017801345332288e+01,1.798111470568838577e+00
6.305748895319591441e+01,2.805309506992758273e+00
6.315479989293849883e+01,2.171065702411811849e+00
6.325211083268108325e+01,3.574527883047872390e+00
6.334942177242366768e+01,4.726695315971536360e+00
6.344673271216625920e+01,2.681759208021120333e+00
6.354404365190884363e+01,4.704546182777100682e+00
6.364135459165142805e+01,4.358917439003252348e+00
6.373866553139401248e+01,3.971292492788667250e+00
6.383597647113660400e+01,3.423980014472566058e+00
6.393328741087918843e+01,4.272399848476738704e+00
6.403059835062177285e+01,3.959817833554782673e+00
6.412790929036435728e+01,1.999589879469093390e+00
6.422522023010694170e+01,3.412679081791092361e+00
6.432253116984952612e+01,1.457908135291398954e+00
6.441984210959212476e+01,3.437366646130306513e+00
6.451715304933470918e+01,1.870032768154811453e+00
6.461446398907729360e+01,7.925900173180790986e-01
6.471177492881987803e+01,2.579261398390450211e+00
6.480908586856246245e+01,8.533621059662915842e-01
6.490639680830504687e+01,1.866077195235665287e-01
6.500370774804763130e+01,8.420533091425115302e-01
6.510101868779022993e+01,2.861260221991741126e+00
6.519832962753281436e+01,6.577802956904618137e-01
6.529564056727539878e+01,1.094317964341918303e+00
6.539295150701798320e+01,3.004003432906628746e+00
6.549026244676056763e+01,2.015933291219739854e+00
6.558757338650315205e+01,2.511911306415433920e+00
6.568488432624573647e+01,2.180604984157635151e+00
6.578219526598832090e+01,2.550350589804704970e+00
6.587950620573091953e+01,4.966550528618117077e+00
6.597681714547350396e+01,1.637328579286241093e+00
6.607412808521608838e+01,2.882220340318133012e+00
6.617143902495867280e+01,4.516918076823904116e+00
6.626874996470125723e+01,2.635215564179335779e+00
6.636606090444384165e+01,1.738503934637982917e+00
6.646337184418642607e+01,2.730502152122159742e+00
6.656068278392902471e+01,3.376041526057706132e+00
6.665799372367160913e+01,1.035037821287968951e+00
6.675530466341419356e+01,2.309754419960480032e+00
6.685261560315677798e+01,1.049519455869892148e+00
6.694992654289936240e+01,2.833063905764420021e+00
6.704723748264194683e+01,2.131058292579937952e+00
6.714454842238453125e+01,2.148790583435264079e+00
6.724185936212711567e+01,2.239583913452225516e+00
6.733917030186971431e+01,1.231174873467864250e+00
6.743648124161229873e+01,5.371877332407849481e-01
6.753379218135488316e+01,1.230105593251832552e+00
6.763110312109746758e+01,1.403772074854535701e+00
6.772841406084005200e+01,1.386077294021579087e+00
6.782572500058263643e+01,1.359814153781899959e+00
6.792303594032522085e+01,1.400570316772727697e+00
6.802034688006780527e+01,2.660136783782776515e+00
6.811765781981040391e+01,3.447795329577914569e-01
6.821496875955298833e+01,1.845392092314348531e+00
6.831227969929557275e+01,2.004763562350351247e+00
6.840959063903815718e+01,3.172213457670678416e+00
6.850690157878074160e+01,2.691837521768398300e+00
6.860421251852332603e+01,1.344497273708553431e+00
6.870152345826591045e+01,4.331189535117525580e+00
6.879883439800850908e+01,3.378938618439692565e+00
6.889614533775109351e+01,1.481113848871566052e+00
6.899345627749367793e+01,3.603866753707603010e+00
6.909076721723626235e+01,2.532230810816024746e+00
6.918807815697884678e+01,2.818191843900984317e+00
6.928538909672143120e+01,1.600389274718993615e+00
6.938270003646401562e+01,1.909206480402450889e+00
6.948001097620660005e+01,3.277429689711385041e+00
6.957732191594919868e+01,4.872000254540840292e-01
6.967463285569178311e+01,1.642442829995917508e+00
6.977194379543436753e+01,1.442339483179326587e+00
6.986925473517695195e+01,6.192376267284886993e-01
6.996656567491953638e+01,1.128265580756165898e+00
7.006387661466212080e+01,1.225586823293365102e+00
7.016118755440470522e+01,1.606532164398979834e+00
7.025849849414728965e+01,1.952031134199018858e+00
7.035580943388988828e+01,1.433855979828906335e+00
7.045312037363247271e+01,1.101098149435624896e+00
7.055043131337505713e+01,8.668714925688054684e-01
7.064774225311764155e+01,9.505103781457191481e-01
7.074505319286022598e+01,8.227106199491003302e-01
7.084236413260281040e+01,7.346209824908334074e-01
7.093967507234539482e+01,1.871272309580952475e+00
7.103698601208799346e+01,1.777888549026616083e-01
7.113429695183057788e+01,1.253845137984228142e+00
7.123160789157316231e+01,7.111240717320823634e-01
7.132891883131574673e+01,9.824112823025465957e-01
7.142622977105833115e+01,1.820143249137151864e+00
7.152354071080091558e+01,1.391034149067082781e+00
7.162085165054350000e+01,1.781253468768089432e+00
7.171816259028608442e+01,2.852218339209235509e+00
7.181547353002868306e+01,1.417507644744315121e+00
7.191278446977126748e+01,1.553125004684851707e+00
7.201009540951385191e+01,1.709352044740622523e+00
7.210740634925643633e+01,4.648693847073094298e-01
7.220471728899902075e+01,6.369137690920328998e-01
7.230202822874160518e+01,6.680561977202340573e-01
7.239933916848418960e+01,8.143124534204991827e-01
7.249665010822677402e+01,9.886014038750223776e-01
7.259396104796937266e+01,9.872703244136830092e-01
7.269127198771195708e+01,1.184762639626253389e+00
7.278858292745454150e+01,1.558985778353408680e+00
7.288589386719712593e+01,1.186037645566629273e+00
7.298320480693971035e+01,2.938020690055729744e+00
