time_s,activity
0.000000000000000000e+00,0.000000000000000000e+00
6.833999999999999797e-03,0.000000000000000000e+00
1.366599999999999933e-02,0.000000000000000000e+00
2.044899999999999843e-02,0.000000000000000000e+00
2.725899999999999851e-02,0.000000000000000000e+00
3.406499999999999806e-02,0.000000000000000000e+00
4.086800000000000155e-02,0.000000000000000000e+00
4.769999999999999934e-02,0.000000000000000000e+00
5.441199999999999509e-02,0.000000000000000000e+00
6.115999999999999909e-02,0.000000000000000000e+00
6.793699999999999739e-02,0.000000000000000000e+00
7.473099999999999188e-02,0.000000000000000000e+00
8.148199999999999887e-02,0.000000000000000000e+00
8.829999999999998961e-02,0.000000000000000000e+00
9.505299999999999860e-02,0.000000000000000000e+00
1.018119999999999997e-01,0.000000000000000000e+00
1.085969999999999991e-01,0.000000000000000000e+00
1.153749999999999915e-01,0.000000000000000000e+00
1.222029999999999922e-01,0.000000000000000000e+00
1.290310000000000068e-01,0.000000000000000000e+00
1.358020000000000060e-01,0.000000000000000000e+00
1.425849999999999895e-01,0.000000000000000000e+00
1.493690000000000018e-01,0.000000000000000000e+00
1.561499999999999833e-01,0.000000000000000000e+00
1.629329999999999945e-01,0.000000000000000000e+00
1.697940000000000005e-01,0.000000000000000000e+00
1.765089999999999992e-01,0.000000000000000000e+00
1.832469999999999932e-01,0.000000000000000000e+00
1.899909999999999932e-01,0.000000000000000000e+00
1.967859999999999887e-01,0.000000000000000000e+00
2.036079999999999834e-01,0.000000000000000000e+00
2.104229999999999989e-01,0.000000000000000000e+00
2.171729999999999772e-01,0.000000000000000000e+00
2.240289999999999782e-01,0.000000000000000000e+00
2.308419999999999916e-01,0.000000000000000000e+00
2.376119999999999899e-01,0.000000000000000000e+00
2.444249999999999756e-01,0.000000000000000000e+00
2.512289999999999801e-01,0.000000000000000000e+00
2.580399999999999916e-01,0.000000000000000000e+00
2.647959999999999758e-01,0.000000000000000000e+00
2.715130000000000043e-01,0.000000000000000000e+00
2.783069999999999711e-01,0.000000000000000000e+00
2.851849999999999663e-01,0.000000000000000000e+00
2.919459999999999833e-01,0.000000000000000000e+00
2.987329999999999708e-01,0.000000000000000000e+00
3.055229999999999890e-01,0.000000000000000000e+00
3.122260000000000035e-01,0.000000000000000000e+00
3.189770000000000105e-01,0.000000000000000000e+00
3.258519999999999750e-01,0.000000000000000000e+00
3.326859999999999817e-01,0.000000000000000000e+00
3.394840000000000080e-01,0.000000000000000000e+00
3.462569999999999815e-01,0.000000000000000000e+00
3.530599999999999850e-01,0.000000000000000000e+00
3.598869999999999569e-01,0.000000000000000000e+00
3.666269999999999807e-01,0.000000000000000000e+00
3.733400000000000052e-01,0.000000000000000000e+00
3.801979999999999804e-01,0.000000000000000000e+00
3.870009999999999839e-01,0.000000000000000000e+00
3.937569999999999681e-01,0.000000000000000000e+00
4.005189999999999584e-01,0.000000000000000000e+00
4.073399999999999799e-01,0.000000000000000000e+00
4.141149999999999554e-01,0.000000000000000000e+00
4.209459999999999869e-01,0.000000000000000000e+00
4.277479999999999616e-01,0.000000000000000000e+00
4.345449999999999591e-01,0.000000000000000000e+00
4.413309999999999733e-01,0.000000000000000000e+00
4.481479999999999908e-01,0.000000000000000000e+00
4.549329999999999763e-01,0.000000000000000000e+00
4.617249999999999965e-01,0.000000000000000000e+00
4.684539999999999815e-01,0.000000000000000000e+00
4.752489999999999770e-01,0.000000000000000000e+00
4.820079999999999920e-01,0.000000000000000000e+00
4.887749999999999595e-01,0.000000000000000000e+00
4.955709999999999837e-01,0.000000000000000000e+00
5.023900000000000032e-01,0.000000000000000000e+00
5.092050000000000187e-01,0.000000000000000000e+00
5.160179999999999767e-01,0.000000000000000000e+00
5.228439999999999754e-01,0.000000000000000000e+00
5.295769999999999644e-01,0.000000000000000000e+00
5.363669999999999272e-01,0.000000000000000000e+00
5.431310000000000304e-01,0.000000000000000000e+00
5.499419999999999309e-01,0.000000000000000000e+00
5.566360000000000197e-01,0.000000000000000000e+00
5.633920000000000039e-01,0.000000000000000000e+00
5.702289999999999859e-01,0.000000000000000000e+00
5.770489999999999231e-01,0.000000000000000000e+00
5.838280000000000136e-01,0.000000000000000000e+00
5.905789999999999651e-01,0.000000000000000000e+00
5.973779999999999646e-01,0.000000000000000000e+00
6.041739999999999888e-01,0.000000000000000000e+00
6.109839999999999716e-01,0.000000000000000000e+00
6.178080000000000238e-01,0.000000000000000000e+00
6.246019999999999905e-01,0.000000000000000000e+00
6.313639999999999253e-01,0.000000000000000000e+00
6.381409999999999583e-01,0.000000000000000000e+00
6.449380000000000113e-01,0.000000000000000000e+00
6.517029999999999212e-01,0.000000000000000000e+00
6.585189999999999655e-01,0.000000000000000000e+00
6.652569999999999872e-01,0.000000000000000000e+00
6.720909999999999940e-01,0.000000000000000000e+00
6.788790000000000102e-01,0.000000000000000000e+00
6.856299999999999617e-01,0.000000000000000000e+00
6.924139999999999739e-01,0.000000000000000000e+00
6.991619999999999502e-01,1.000000000000000000e+00
7.059090000000000087e-01,0.000000000000000000e+00
7.127390000000000114e-01,0.000000000000000000e+00
7.195110000000000117e-01,1.000000000000000000e+00
7.263429999999999609e-01,0.000000000000000000e+00
7.330949999999999411e-01,0.000000000000000000e+00
7.398859999999999326e-01,1.000000000000000000e+00
7.467150000000000176e-01,0.000000000000000000e+00
7.534319999999999906e-01,0.000000000000000000e+00
7.602039999999999909e-01,1.000000000000000000e+00
7.669899999999999496e-01,0.000000000000000000e+00
7.737709999999999866e-01,1.000000000000000000e+00
7.805509999999999948e-01,1.000000000000000000e+00
7.873409999999999576e-01,0.000000000000000000e+00
7.942029999999999923e-01,0.000000000000000000e+00
8.010189999999999255e-01,1.000000000000000000e+00
8.078219999999999290e-01,0.000000000000000000e+00
8.146179999999999533e-01,1.000000000000000000e+00
8.214110000000000023e-01,0.000000000000000000e+00
8.281619999999999537e-01,0.000000000000000000e+00
8.348829999999999307e-01,1.000000000000000000e+00
8.416690000000000005e-01,0.000000000000000000e+00
8.484619999999999385e-01,0.000000000000000000e+00
8.551919999999999522e-01,1.000000000000000000e+00
8.620209999999999262e-01,0.000000000000000000e+00
8.688119999999999177e-01,1.000000000000000000e+00
8.755489999999999107e-01,0.000000000000000000e+00
8.823229999999999684e-01,0.000000000000000000e+00
8.891549999999999176e-01,1.000000000000000000e+00
8.959909999999999819e-01,1.000000000000000000e+00
9.027830000000000021e-01,0.000000000000000000e+00
9.095860000000000056e-01,1.000000000000000000e+00
9.163699999999999068e-01,0.000000000000000000e+00
9.231519999999999726e-01,0.000000000000000000e+00
9.298859999999999904e-01,1.000000000000000000e+00
9.366769999999999818e-01,0.000000000000000000e+00
9.434589999999999366e-01,0.000000000000000000e+00
9.502629999999999688e-01,1.000000000000000000e+00
9.571039999999999548e-01,0.000000000000000000e+00
9.639439999999999120e-01,1.000000000000000000e+00
9.707329999999999570e-01,1.000000000000000000e+00
9.774370000000000003e-01,0.000000000000000000e+00
9.843079999999999607e-01,1.000000000000000000e+00
9.910869999999999402e-01,0.000000000000000000e+00
9.979089999999999350e-01,0.000000000000000000e+00
1.004661000000000026e+00,1.000000000000000000e+00
1.011454999999999993e+00,0.000000000000000000e+00
1.018253999999999992e+00,0.000000000000000000e+00
1.025036999999999976e+00,1.000000000000000000e+00
1.031830000000000025e+00,0.000000000000000000e+00
1.038605999999999918e+00,1.000000000000000000e+00
1.045404999999999918e+00,1.000000000000000000e+00
1.052212999999999843e+00,0.000000000000000000e+00
1.058939999999999992e+00,1.000000000000000000e+00
1.065704999999999902e+00,0.000000000000000000e+00
1.072430999999999912e+00,0.000000000000000000e+00
1.079218000000000011e+00,1.000000000000000000e+00
1.086033999999999944e+00,0.000000000000000000e+00
1.092775999999999970e+00,0.000000000000000000e+00
1.099585999999999952e+00,1.000000000000000000e+00
1.106433999999999918e+00,0.000000000000000000e+00
1.113234000000000057e+00,1.000000000000000000e+00
1.120009999999999950e+00,1.000000000000000000e+00
1.126855999999999858e+00,0.000000000000000000e+00
1.133654999999999857e+00,1.000000000000000000e+00
1.140481999999999996e+00,1.000000000000000000e+00
1.147289999999999921e+00,0.000000000000000000e+00
1.154072999999999904e+00,1.000000000000000000e+00
1.160943999999999976e+00,0.000000000000000000e+00
1.167718999999999951e+00,0.000000000000000000e+00
1.174525000000000041e+00,1.000000000000000000e+00
1.181355999999999851e+00,0.000000000000000000e+00
1.188191999999999915e+00,1.000000000000000000e+00
1.195026999999999839e+00,1.000000000000000000e+00
1.201794000000000029e+00,0.000000000000000000e+00
1.208621999999999863e+00,1.000000000000000000e+00
1.215441999999999911e+00,1.000000000000000000e+00
1.222307999999999950e+00,0.000000000000000000e+00
1.229129999999999834e+00,0.000000000000000000e+00
1.235906999999999867e+00,0.000000000000000000e+00
1.242674999999999974e+00,0.000000000000000000e+00
1.249484000000000039e+00,1.000000000000000000e+00
1.256318999999999964e+00,0.000000000000000000e+00
1.263109999999999955e+00,1.000000000000000000e+00
1.269893999999999856e+00,1.000000000000000000e+00
1.276654999999999873e+00,0.000000000000000000e+00
1.283436000000000021e+00,1.000000000000000000e+00
1.290229999999999988e+00,1.000000000000000000e+00
1.297036999999999995e+00,0.000000000000000000e+00
1.303888999999999854e+00,1.000000000000000000e+00
1.310687999999999853e+00,0.000000000000000000e+00
1.317416999999999838e+00,0.000000000000000000e+00
1.324212999999999862e+00,1.000000000000000000e+00
1.331029999999999935e+00,0.000000000000000000e+00
1.337761999999999896e+00,1.000000000000000000e+00
1.344527000000000028e+00,1.000000000000000000e+00
1.351297999999999888e+00,0.000000000000000000e+00
1.358122999999999969e+00,1.000000000000000000e+00
1.364929999999999977e+00,1.000000000000000000e+00
1.371705999999999870e+00,0.000000000000000000e+00
1.378538000000000041e+00,1.000000000000000000e+00
1.385322999999999860e+00,0.000000000000000000e+00
1.392185999999999924e+00,0.000000000000000000e+00
1.399014999999999898e+00,1.000000000000000000e+00
1.405831999999999971e+00,0.000000000000000000e+00
1.412665999999999977e+00,0.000000000000000000e+00
1.419482999999999828e+00,1.000000000000000000e+00
1.426302999999999876e+00,0.000000000000000000e+00
1.433123999999999842e+00,0.000000000000000000e+00
1.439964999999999939e+00,1.000000000000000000e+00
1.446769999999999889e+00,0.000000000000000000e+00
1.453605000000000036e+00,0.000000000000000000e+00
1.460416999999999854e+00,0.000000000000000000e+00
1.467185999999999879e+00,0.000000000000000000e+00
1.473987999999999854e+00,0.000000000000000000e+00
1.480815999999999910e+00,0.000000000000000000e+00
1.487619999999999942e+00,1.000000000000000000e+00
1.494423999999999975e+00,1.000000000000000000e+00
1.501185999999999909e+00,0.000000000000000000e+00
1.507936999999999861e+00,1.000000000000000000e+00
1.514699999999999935e+00,0.000000000000000000e+00
1.521554999999999991e+00,0.000000000000000000e+00
1.528391999999999973e+00,1.000000000000000000e+00
1.535220999999999947e+00,0.000000000000000000e+00
1.541998999999999898e+00,0.000000000000000000e+00
1.548816999999999888e+00,1.000000000000000000e+00
1.555547000000000013e+00,0.000000000000000000e+00
1.562400000000000011e+00,0.000000000000000000e+00
1.569181999999999855e+00,1.000000000000000000e+00
1.575960999999999945e+00,0.000000000000000000e+00
1.582780999999999993e+00,0.000000000000000000e+00
1.589582999999999968e+00,1.000000000000000000e+00
1.596390999999999893e+00,0.000000000000000000e+00
1.603169999999999984e+00,0.000000000000000000e+00
1.609960999999999975e+00,0.000000000000000000e+00
1.616721999999999992e+00,0.000000000000000000e+00
1.623580999999999941e+00,0.000000000000000000e+00
1.630371000000000015e+00,0.000000000000000000e+00
1.637207999999999997e+00,0.000000000000000000e+00
1.643981999999999832e+00,1.000000000000000000e+00
1.650846999999999953e+00,0.000000000000000000e+00
1.657683999999999935e+00,1.000000000000000000e+00
1.664466999999999919e+00,0.000000000000000000e+00
1.671268999999999894e+00,0.000000000000000000e+00
1.678115999999999941e+00,1.000000000000000000e+00
1.684909999999999908e+00,0.000000000000000000e+00
1.691679999999999851e+00,0.000000000000000000e+00
1.698490999999999973e+00,1.000000000000000000e+00
1.705292999999999948e+00,0.000000000000000000e+00
1.712131999999999987e+00,0.000000000000000000e+00
1.718964999999999854e+00,1.000000000000000000e+00
1.725773999999999919e+00,0.000000000000000000e+00
1.732574999999999976e+00,0.000000000000000000e+00
1.739434999999999842e+00,1.000000000000000000e+00
1.746260999999999841e+00,0.000000000000000000e+00
1.753118999999999872e+00,0.000000000000000000e+00
1.759866999999999848e+00,0.000000000000000000e+00
1.766616999999999882e+00,0.000000000000000000e+00
1.773437999999999848e+00,0.000000000000000000e+00
1.780230999999999897e+00,0.000000000000000000e+00
1.787045999999999912e+00,0.000000000000000000e+00
1.793820999999999888e+00,0.000000000000000000e+00
1.800654999999999895e+00,0.000000000000000000e+00
1.807475999999999861e+00,0.000000000000000000e+00
1.814276999999999918e+00,0.000000000000000000e+00
1.821074999999999999e+00,0.000000000000000000e+00
1.827865999999999991e+00,0.000000000000000000e+00
1.834662000000000015e+00,0.000000000000000000e+00
1.841467999999999883e+00,0.000000000000000000e+00
1.848325999999999913e+00,0.000000000000000000e+00
1.855164999999999953e+00,0.000000000000000000e+00
1.861905999999999839e+00,0.000000000000000000e+00
1.868663999999999881e+00,0.000000000000000000e+00
1.875475000000000003e+00,0.000000000000000000e+00
1.882303999999999977e+00,0.000000000000000000e+00
1.889155999999999835e+00,0.000000000000000000e+00
1.896008999999999833e+00,0.000000000000000000e+00
1.902818999999999816e+00,0.000000000000000000e+00
1.909594000000000014e+00,0.000000000000000000e+00
1.916388999999999898e+00,0.000000000000000000e+00
1.923167999999999989e+00,0.000000000000000000e+00
1.929980999999999947e+00,0.000000000000000000e+00
1.936810999999999838e+00,0.000000000000000000e+00
1.943612999999999813e+00,0.000000000000000000e+00
1.950453999999999910e+00,0.000000000000000000e+00
1.957247999999999877e+00,0.000000000000000000e+00
1.964015999999999984e+00,0.000000000000000000e+00
1.970839999999999925e+00,0.000000000000000000e+00
1.977605999999999975e+00,0.000000000000000000e+00
1.984451999999999883e+00,0.000000000000000000e+00
1.991258999999999890e+00,0.000000000000000000e+00
1.998008000000000006e+00,0.000000000000000000e+00
2.004809999999999981e+00,0.000000000000000000e+00
2.011635999999999758e+00,0.000000000000000000e+00
2.018337999999999965e+00,0.000000000000000000e+00
2.025136999999999965e+00,0.000000000000000000e+00
2.031960999999999906e+00,0.000000000000000000e+00
2.038783000000000012e+00,0.000000000000000000e+00
2.045547000000000004e+00,0.000000000000000000e+00
2.052381999999999707e+00,0.000000000000000000e+00
2.059136999999999773e+00,0.000000000000000000e+00
2.065936999999999912e+00,0.000000000000000000e+00
2.072721999999999731e+00,0.000000000000000000e+00
2.079527999999999821e+00,0.000000000000000000e+00
2.086287000000000003e+00,0.000000000000000000e+00
2.093090000000000117e+00,0.000000000000000000e+00
2.099870000000000125e+00,0.000000000000000000e+00
2.106667999999999985e+00,0.000000000000000000e+00
2.113436000000000092e+00,0.000000000000000000e+00
2.120257999999999754e+00,0.000000000000000000e+00
2.127097000000000016e+00,0.000000000000000000e+00
2.133913999999999866e+00,0.000000000000000000e+00
2.140696999999999850e+00,0.000000000000000000e+00
2.147510000000000030e+00,0.000000000000000000e+00
2.154288999999999898e+00,0.000000000000000000e+00
2.161116999999999955e+00,0.000000000000000000e+00
2.167888999999999733e+00,0.000000000000000000e+00
2.174709000000000003e+00,0.000000000000000000e+00
2.181515999999999789e+00,0.000000000000000000e+00
2.188283999999999896e+00,0.000000000000000000e+00
2.195052999999999699e+00,0.000000000000000000e+00
2.201902000000000026e+00,0.000000000000000000e+00
2.208650000000000002e+00,0.000000000000000000e+00
2.215468999999999689e+00,0.000000000000000000e+00
2.222341999999999818e+00,0.000000000000000000e+00
2.229131999999999891e+00,0.000000000000000000e+00
2.235939999999999817e+00,0.000000000000000000e+00
2.242770999999999848e+00,0.000000000000000000e+00
2.249624999999999986e+00,0.000000000000000000e+00
2.256441999999999837e+00,0.000000000000000000e+00
2.263208999999999804e+00,0.000000000000000000e+00
2.270055999999999852e+00,0.000000000000000000e+00
2.276943999999999857e+00,0.000000000000000000e+00
2.283745999999999832e+00,0.000000000000000000e+00
2.290534999999999766e+00,0.000000000000000000e+00
2.297375999999999863e+00,0.000000000000000000e+00
2.304251999999999967e+00,0.000000000000000000e+00
2.311029000000000000e+00,0.000000000000000000e+00
2.317873999999999768e+00,0.000000000000000000e+00
2.324746999999999897e+00,0.000000000000000000e+00
2.331542999999999921e+00,0.000000000000000000e+00
2.338335999999999970e+00,0.000000000000000000e+00
2.345150999999999986e+00,0.000000000000000000e+00
2.351963000000000026e+00,0.000000000000000000e+00
2.358763999999999861e+00,0.000000000000000000e+00
2.365504000000000051e+00,0.000000000000000000e+00
2.372292999999999985e+00,0.000000000000000000e+00
2.379124999999999712e+00,0.000000000000000000e+00
2.385928999999999967e+00,0.000000000000000000e+00
2.392729000000000106e+00,0.000000000000000000e+00
2.399572999999999734e+00,0.000000000000000000e+00
2.406381999999999799e+00,0.000000000000000000e+00
2.413192999999999699e+00,0.000000000000000000e+00
2.419966999999999757e+00,0.000000000000000000e+00
2.426781000000000077e+00,0.000000000000000000e+00
2.433618000000000059e+00,0.000000000000000000e+00
2.440395000000000092e+00,0.000000000000000000e+00
2.447181999999999746e+00,0.000000000000000000e+00
2.454040999999999695e+00,0.000000000000000000e+00
2.460830999999999769e+00,0.000000000000000000e+00
2.467664999999999775e+00,0.000000000000000000e+00
2.474383999999999695e+00,0.000000000000000000e+00
2.481205999999999801e+00,0.000000000000000000e+00
2.487975999999999743e+00,0.000000000000000000e+00
2.494796999999999709e+00,0.000000000000000000e+00
2.501577999999999857e+00,0.000000000000000000e+00
2.508382999999999807e+00,0.000000000000000000e+00
2.515207999999999888e+00,0.000000000000000000e+00
2.522014999999999674e+00,0.000000000000000000e+00
2.528821999999999903e+00,0.000000000000000000e+00
2.535597999999999796e+00,0.000000000000000000e+00
2.542428999999999828e+00,0.000000000000000000e+00
2.549271999999999760e+00,0.000000000000000000e+00
2.556194999999999773e+00,0.000000000000000000e+00
2.563073999999999852e+00,0.000000000000000000e+00
2.569855000000000000e+00,0.000000000000000000e+00
2.576640999999999959e+00,0.000000000000000000e+00
2.583437999999999679e+00,0.000000000000000000e+00
2.590249000000000024e+00,0.000000000000000000e+00
2.597124999999999684e+00,0.000000000000000000e+00
2.603895000000000071e+00,0.000000000000000000e+00
2.610684999999999700e+00,0.000000000000000000e+00
2.617516999999999872e+00,0.000000000000000000e+00
2.624371999999999705e+00,0.000000000000000000e+00
2.631184999999999885e+00,0.000000000000000000e+00
2.638071000000000055e+00,0.000000000000000000e+00
2.644873000000000030e+00,0.000000000000000000e+00
2.651713999999999682e+00,0.000000000000000000e+00
2.658525999999999723e+00,0.000000000000000000e+00
2.665297999999999945e+00,0.000000000000000000e+00
2.672162999999999844e+00,0.000000000000000000e+00
2.678954000000000057e+00,0.000000000000000000e+00
2.685748999999999942e+00,0.000000000000000000e+00
2.692581999999999809e+00,0.000000000000000000e+00
2.699415999999999816e+00,0.000000000000000000e+00
2.706258999999999748e+00,0.000000000000000000e+00
2.713081999999999994e+00,0.000000000000000000e+00
2.719827999999999690e+00,0.000000000000000000e+00
2.726583999999999897e+00,0.000000000000000000e+00
2.733378000000000085e+00,0.000000000000000000e+00
2.740101999999999816e+00,0.000000000000000000e+00
2.746918999999999667e+00,0.000000000000000000e+00
2.753746999999999723e+00,0.000000000000000000e+00
2.760607999999999951e+00,0.000000000000000000e+00
2.767405999999999811e+00,0.000000000000000000e+00
2.774226999999999776e+00,0.000000000000000000e+00
2.781031999999999726e+00,0.000000000000000000e+00
2.787852999999999692e+00,0.000000000000000000e+00
2.794588000000000072e+00,0.000000000000000000e+00
2.801374000000000031e+00,0.000000000000000000e+00
2.808211000000000013e+00,0.000000000000000000e+00
2.815001999999999782e+00,0.000000000000000000e+00
2.821804999999999897e+00,0.000000000000000000e+00
2.828551000000000037e+00,0.000000000000000000e+00
2.835372000000000003e+00,0.000000000000000000e+00
2.842192999999999969e+00,0.000000000000000000e+00
2.849029999999999951e+00,0.000000000000000000e+00
2.855893000000000015e+00,0.000000000000000000e+00
2.862711000000000006e+00,0.000000000000000000e+00
2.869536000000000087e+00,0.000000000000000000e+00
2.876363999999999699e+00,0.000000000000000000e+00
2.883213000000000026e+00,0.000000000000000000e+00
2.890010999999999886e+00,0.000000000000000000e+00
2.896783999999999804e+00,0.000000000000000000e+00
2.903577999999999992e+00,0.000000000000000000e+00
2.910422000000000065e+00,0.000000000000000000e+00
2.917141999999999680e+00,0.000000000000000000e+00
2.923986999999999892e+00,0.000000000000000000e+00
2.930839999999999890e+00,0.000000000000000000e+00
2.937710999999999739e+00,0.000000000000000000e+00
2.944462999999999830e+00,0.000000000000000000e+00
2.951330999999999705e+00,0.000000000000000000e+00
2.958183000000000007e+00,0.000000000000000000e+00
2.964969999999999661e+00,0.000000000000000000e+00
2.971899000000000068e+00,0.000000000000000000e+00
2.978688999999999698e+00,0.000000000000000000e+00
2.985519999999999730e+00,0.000000000000000000e+00
2.992334000000000049e+00,0.000000000000000000e+00
2.999187999999999743e+00,0.000000000000000000e+00
3.006084999999999674e+00,0.000000000000000000e+00
3.012861000000000011e+00,0.000000000000000000e+00
3.019638000000000044e+00,0.000000000000000000e+00
3.026486999999999927e+00,0.000000000000000000e+00
3.033363999999999727e+00,0.000000000000000000e+00
3.040238999999999692e+00,0.000000000000000000e+00
3.047070999999999863e+00,0.000000000000000000e+00
3.053890999999999689e+00,0.000000000000000000e+00
3.060794999999999710e+00,0.000000000000000000e+00
3.067660000000000053e+00,0.000000000000000000e+00
3.074463999999999864e+00,0.000000000000000000e+00
3.081277999999999739e+00,0.000000000000000000e+00
3.088131999999999877e+00,0.000000000000000000e+00
3.095003999999999866e+00,0.000000000000000000e+00
3.101809999999999956e+00,0.000000000000000000e+00
3.108611999999999931e+00,0.000000000000000000e+00
3.115364000000000022e+00,0.000000000000000000e+00
3.122160000000000046e+00,0.000000000000000000e+00
3.128987999999999658e+00,0.000000000000000000e+00
3.135828999999999755e+00,0.000000000000000000e+00
3.142668999999999713e+00,0.000000000000000000e+00
3.149469999999999992e+00,0.000000000000000000e+00
3.156285999999999703e+00,0.000000000000000000e+00
3.163129999999999775e+00,0.000000000000000000e+00
3.169929999999999914e+00,0.000000000000000000e+00
3.176683999999999841e+00,0.000000000000000000e+00
3.183470999999999940e+00,0.000000000000000000e+00
3.190229999999999677e+00,0.000000000000000000e+00
3.196993999999999669e+00,0.000000000000000000e+00
3.203830999999999651e+00,0.000000000000000000e+00
3.210687000000000069e+00,0.000000000000000000e+00
3.217468999999999912e+00,0.000000000000000000e+00
3.224235999999999880e+00,0.000000000000000000e+00
3.231106999999999729e+00,0.000000000000000000e+00
3.237931999999999810e+00,0.000000000000000000e+00
3.244791999999999899e+00,0.000000000000000000e+00
3.251586999999999783e+00,0.000000000000000000e+00
3.258448999999999707e+00,0.000000000000000000e+00
3.265305999999999820e+00,0.000000000000000000e+00
3.272186999999999735e+00,0.000000000000000000e+00
3.279029999999999667e+00,0.000000000000000000e+00
3.285884999999999945e+00,0.000000000000000000e+00
3.292684999999999640e+00,0.000000000000000000e+00
3.299552999999999958e+00,0.000000000000000000e+00
3.306391999999999776e+00,0.000000000000000000e+00
3.313209000000000071e+00,0.000000000000000000e+00
3.320071999999999690e+00,0.000000000000000000e+00
3.326934999999999754e+00,0.000000000000000000e+00
3.333834999999999660e+00,0.000000000000000000e+00
3.340656000000000070e+00,0.000000000000000000e+00
3.347420000000000062e+00,0.000000000000000000e+00
3.354234999999999634e+00,0.000000000000000000e+00
3.361046999999999674e+00,0.000000000000000000e+00
3.367866999999999944e+00,0.000000000000000000e+00
3.374684999999999935e+00,0.000000000000000000e+00
3.381543999999999883e+00,0.000000000000000000e+00
3.388409999999999922e+00,0.000000000000000000e+00
3.395219999999999683e+00,0.000000000000000000e+00
3.402032999999999863e+00,0.000000000000000000e+00
3.408906999999999687e+00,0.000000000000000000e+00
3.415653999999999968e+00,0.000000000000000000e+00
3.422447000000000017e+00,0.000000000000000000e+00
3.429276999999999909e+00,0.000000000000000000e+00
3.436119999999999841e+00,0.000000000000000000e+00
3.442975999999999814e+00,0.000000000000000000e+00
3.449772999999999978e+00,0.000000000000000000e+00
3.456510999999999889e+00,0.000000000000000000e+00
3.463282999999999667e+00,0.000000000000000000e+00
3.470193999999999779e+00,0.000000000000000000e+00
3.477053999999999867e+00,0.000000000000000000e+00
3.483880999999999784e+00,0.000000000000000000e+00
3.490731999999999946e+00,0.000000000000000000e+00
3.497514999999999930e+00,0.000000000000000000e+00
3.504318000000000044e+00,0.000000000000000000e+00
3.511112999999999928e+00,0.000000000000000000e+00
3.518002999999999769e+00,0.000000000000000000e+00
3.524818999999999924e+00,0.000000000000000000e+00
3.531623999999999874e+00,0.000000000000000000e+00
3.538462999999999692e+00,0.000000000000000000e+00
3.545286999999999633e+00,0.000000000000000000e+00
3.552086999999999772e+00,0.000000000000000000e+00
3.558873999999999871e+00,0.000000000000000000e+00
3.565677999999999681e+00,0.000000000000000000e+00
3.572468999999999895e+00,0.000000000000000000e+00
3.579316999999999638e+00,0.000000000000000000e+00
3.586125000000000007e+00,0.000000000000000000e+00
3.592999999999999972e+00,0.000000000000000000e+00
3.599813999999999847e+00,0.000000000000000000e+00
3.606654999999999944e+00,0.000000000000000000e+00
3.613483000000000001e+00,0.000000000000000000e+00
3.620349000000000039e+00,0.000000000000000000e+00
3.627136999999999833e+00,0.000000000000000000e+00
3.633932999999999858e+00,0.000000000000000000e+00
3.640736999999999668e+00,0.000000000000000000e+00
3.647581999999999880e+00,0.000000000000000000e+00
3.654461999999999655e+00,0.000000000000000000e+00
3.661308999999999703e+00,0.000000000000000000e+00
3.668074999999999974e+00,0.000000000000000000e+00
3.674951999999999774e+00,0.000000000000000000e+00
3.681826999999999739e+00,0.000000000000000000e+00
3.688675999999999622e+00,0.000000000000000000e+00
3.695443999999999729e+00,0.000000000000000000e+00
3.702290999999999777e+00,0.000000000000000000e+00
3.709152999999999700e+00,0.000000000000000000e+00
3.715974999999999806e+00,0.000000000000000000e+00
3.722798000000000052e+00,0.000000000000000000e+00
3.729570999999999970e+00,0.000000000000000000e+00
3.736370999999999665e+00,0.000000000000000000e+00
3.743150999999999673e+00,0.000000000000000000e+00
3.750001999999999835e+00,0.000000000000000000e+00
3.756807999999999925e+00,0.000000000000000000e+00
3.763626999999999612e+00,0.000000000000000000e+00
3.770380999999999982e+00,0.000000000000000000e+00
3.777232999999999841e+00,0.000000000000000000e+00
3.784132999999999747e+00,0.000000000000000000e+00
3.790982999999999770e+00,0.000000000000000000e+00
3.797841000000000022e+00,0.000000000000000000e+00
3.804588999999999999e+00,0.000000000000000000e+00
3.811404999999999710e+00,0.000000000000000000e+00
3.818219999999999725e+00,0.000000000000000000e+00
3.825072000000000028e+00,0.000000000000000000e+00
3.831909000000000010e+00,0.000000000000000000e+00
3.838743000000000016e+00,0.000000000000000000e+00
3.845542999999999711e+00,0.000000000000000000e+00
3.852440999999999782e+00,0.000000000000000000e+00
3.859239999999999782e+00,0.000000000000000000e+00
3.866099999999999870e+00,0.000000000000000000e+00
3.872941999999999663e+00,0.000000000000000000e+00
3.879780999999999924e+00,0.000000000000000000e+00
3.886634999999999618e+00,0.000000000000000000e+00
3.893489999999999895e+00,0.000000000000000000e+00
3.900285999999999920e+00,0.000000000000000000e+00
3.907146000000000008e+00,0.000000000000000000e+00
3.913999000000000006e+00,0.000000000000000000e+00
3.920834999999999848e+00,0.000000000000000000e+00
3.927643999999999913e+00,1.000000000000000000e+00
3.934429999999999872e+00,0.000000000000000000e+00
3.941303999999999697e+00,0.000000000000000000e+00
3.948146999999999629e+00,1.000000000000000000e+00
3.955020999999999898e+00,0.000000000000000000e+00
3.961798999999999626e+00,0.000000000000000000e+00
3.968701999999999952e+00,0.000000000000000000e+00
3.975448999999999788e+00,0.000000000000000000e+00
3.982322999999999613e+00,0.000000000000000000e+00
3.989154999999999784e+00,0.000000000000000000e+00
3.996001999999999832e+00,0.000000000000000000e+00
4.002845999999999904e+00,0.000000000000000000e+00
4.009699999999999598e+00,0.000000000000000000e+00
4.016522999999999399e+00,0.000000000000000000e+00
4.023362999999999801e+00,0.000000000000000000e+00
4.030210999999999544e+00,0.000000000000000000e+00
4.037044999999999995e+00,0.000000000000000000e+00
4.043884000000000256e+00,0.000000000000000000e+00
4.050721000000000238e+00,0.000000000000000000e+00
4.057534999999999670e+00,1.000000000000000000e+00
4.064413000000000054e+00,0.000000000000000000e+00
4.071302000000000199e+00,0.000000000000000000e+00
4.078104999999999869e+00,1.000000000000000000e+00
4.084913999999999490e+00,0.000000000000000000e+00
4.091758999999999702e+00,0.000000000000000000e+00
4.098544999999999661e+00,0.000000000000000000e+00
4.105360999999999372e+00,0.000000000000000000e+00
4.112242000000000175e+00,0.000000000000000000e+00
4.119028999999999385e+00,0.000000000000000000e+00
4.125885999999999498e+00,0.000000000000000000e+00
4.132691999999999588e+00,0.000000000000000000e+00
4.139531999999999989e+00,0.000000000000000000e+00
4.146357000000000070e+00,0.000000000000000000e+00
4.153151999999999511e+00,0.000000000000000000e+00
4.159990999999999772e+00,0.000000000000000000e+00
4.166854999999999976e+00,0.000000000000000000e+00
4.173690999999999818e+00,0.000000000000000000e+00
4.180463999999999736e+00,0.000000000000000000e+00
4.187307999999999808e+00,0.000000000000000000e+00
4.194223000000000035e+00,0.000000000000000000e+00
4.201037999999999606e+00,0.000000000000000000e+00
4.207924999999999471e+00,0.000000000000000000e+00
4.214775999999999634e+00,0.000000000000000000e+00
4.221620999999999846e+00,0.000000000000000000e+00
4.228462999999999639e+00,0.000000000000000000e+00
4.235275999999999819e+00,0.000000000000000000e+00
4.242122000000000170e+00,0.000000000000000000e+00
4.248985999999999486e+00,0.000000000000000000e+00
4.255819999999999936e+00,0.000000000000000000e+00
4.262586999999999904e+00,0.000000000000000000e+00
4.269468999999999959e+00,0.000000000000000000e+00
4.276327000000000211e+00,1.000000000000000000e+00
4.283135999999999832e+00,0.000000000000000000e+00
4.289912000000000170e+00,0.000000000000000000e+00
4.296762000000000192e+00,0.000000000000000000e+00
4.303510999999999420e+00,0.000000000000000000e+00
4.310347999999999402e+00,0.000000000000000000e+00
4.317191000000000223e+00,0.000000000000000000e+00
4.324078000000000088e+00,0.000000000000000000e+00
4.330941000000000152e+00,0.000000000000000000e+00
4.337791000000000174e+00,1.000000000000000000e+00
4.344575999999999993e+00,0.000000000000000000e+00
4.351385999999999754e+00,0.000000000000000000e+00
4.358201000000000214e+00,0.000000000000000000e+00
4.365033999999999637e+00,0.000000000000000000e+00
4.371875000000000178e+00,0.000000000000000000e+00
4.378695999999999700e+00,0.000000000000000000e+00
4.385520999999999781e+00,0.000000000000000000e+00
4.392319999999999780e+00,0.000000000000000000e+00
4.399189999999999934e+00,0.000000000000000000e+00
4.406004999999999505e+00,0.000000000000000000e+00
4.412792999999999743e+00,0.000000000000000000e+00
4.419576000000000171e+00,0.000000000000000000e+00
4.426477000000000217e+00,0.000000000000000000e+00
4.433332000000000050e+00,0.000000000000000000e+00
4.440195999999999366e+00,0.000000000000000000e+00
4.447008999999999546e+00,0.000000000000000000e+00
4.453895000000000159e+00,0.000000000000000000e+00
4.460725000000000051e+00,0.000000000000000000e+00
4.467596999999999596e+00,0.000000000000000000e+00
4.474461999999999939e+00,0.000000000000000000e+00
4.481332000000000093e+00,0.000000000000000000e+00
4.488207000000000058e+00,0.000000000000000000e+00
4.495016999999999818e+00,0.000000000000000000e+00
4.501890999999999643e+00,0.000000000000000000e+00
4.508723999999999954e+00,0.000000000000000000e+00
4.515509999999999913e+00,0.000000000000000000e+00
4.522334999999999994e+00,0.000000000000000000e+00
4.529156999999999655e+00,0.000000000000000000e+00
4.535991999999999358e+00,0.000000000000000000e+00
4.542855999999999561e+00,0.000000000000000000e+00
4.549711999999999534e+00,0.000000000000000000e+00
4.556585000000000107e+00,0.000000000000000000e+00
4.563399999999999679e+00,0.000000000000000000e+00
4.570266999999999413e+00,0.000000000000000000e+00
4.577092999999999634e+00,0.000000000000000000e+00
4.583940000000000126e+00,0.000000000000000000e+00
4.590810999999999531e+00,0.000000000000000000e+00
4.597671000000000063e+00,0.000000000000000000e+00
4.604490999999999445e+00,0.000000000000000000e+00
4.611346000000000167e+00,0.000000000000000000e+00
4.618199999999999861e+00,0.000000000000000000e+00
4.625086999999999726e+00,0.000000000000000000e+00
4.631934999999999469e+00,0.000000000000000000e+00
4.638860000000000205e+00,0.000000000000000000e+00
4.645710999999999480e+00,0.000000000000000000e+00
4.652601999999999904e+00,0.000000000000000000e+00
4.659426999999999985e+00,0.000000000000000000e+00
4.666316999999999382e+00,1.000000000000000000e+00
4.673198999999999437e+00,0.000000000000000000e+00
4.680117000000000083e+00,0.000000000000000000e+00
4.686926999999999843e+00,1.000000000000000000e+00
4.693781999999999677e+00,0.000000000000000000e+00
4.700572000000000195e+00,0.000000000000000000e+00
4.707422000000000217e+00,0.000000000000000000e+00
4.714264000000000010e+00,0.000000000000000000e+00
4.721097999999999573e+00,0.000000000000000000e+00
4.727901000000000131e+00,0.000000000000000000e+00
4.734759999999999636e+00,0.000000000000000000e+00
4.741595999999999478e+00,0.000000000000000000e+00
4.748403999999999847e+00,0.000000000000000000e+00
4.755266999999999911e+00,0.000000000000000000e+00
4.762096999999999802e+00,0.000000000000000000e+00
4.768951999999999636e+00,0.000000000000000000e+00
4.775808999999999749e+00,0.000000000000000000e+00
4.782629000000000019e+00,0.000000000000000000e+00
4.789432999999999829e+00,0.000000000000000000e+00
4.796273999999999482e+00,0.000000000000000000e+00
4.803088999999999942e+00,0.000000000000000000e+00
4.810001999999999889e+00,0.000000000000000000e+00
4.816885000000000083e+00,0.000000000000000000e+00
4.823741000000000057e+00,0.000000000000000000e+00
4.830611000000000210e+00,0.000000000000000000e+00
4.837442999999999493e+00,0.000000000000000000e+00
4.844255999999999673e+00,0.000000000000000000e+00
4.851061999999999763e+00,0.000000000000000000e+00
4.857928999999999498e+00,0.000000000000000000e+00
4.864797999999999512e+00,0.000000000000000000e+00
4.871631999999999962e+00,0.000000000000000000e+00
4.878416999999999781e+00,0.000000000000000000e+00
4.885291999999999746e+00,0.000000000000000000e+00
4.892106000000000066e+00,0.000000000000000000e+00
4.898956999999999340e+00,0.000000000000000000e+00
4.905810999999999922e+00,0.000000000000000000e+00
4.912664999999999615e+00,0.000000000000000000e+00
4.919512999999999359e+00,0.000000000000000000e+00
4.926308999999999827e+00,0.000000000000000000e+00
4.933104999999999407e+00,0.000000000000000000e+00
4.939943999999999669e+00,0.000000000000000000e+00
4.946791999999999412e+00,0.000000000000000000e+00
4.953592999999999691e+00,0.000000000000000000e+00
4.960421000000000191e+00,0.000000000000000000e+00
4.967243999999999993e+00,0.000000000000000000e+00
4.974072999999999745e+00,0.000000000000000000e+00
4.980970999999999371e+00,0.000000000000000000e+00
4.987829999999999764e+00,0.000000000000000000e+00
4.994746999999999382e+00,0.000000000000000000e+00
5.001551000000000080e+00,0.000000000000000000e+00
5.008364999999999512e+00,0.000000000000000000e+00
5.015255999999999936e+00,0.000000000000000000e+00
5.022171000000000163e+00,0.000000000000000000e+00
5.029027999999999388e+00,0.000000000000000000e+00
5.035878999999999550e+00,0.000000000000000000e+00
5.042756999999999934e+00,0.000000000000000000e+00
5.049566999999999695e+00,0.000000000000000000e+00
5.056370999999999505e+00,0.000000000000000000e+00
5.063229999999999897e+00,0.000000000000000000e+00
5.070113000000000092e+00,0.000000000000000000e+00
5.077001000000000097e+00,0.000000000000000000e+00
5.083858999999999462e+00,0.000000000000000000e+00
5.090732000000000035e+00,0.000000000000000000e+00
5.097539999999999516e+00,0.000000000000000000e+00
5.104403999999999719e+00,0.000000000000000000e+00
5.111257000000000161e+00,0.000000000000000000e+00
5.118144000000000027e+00,0.000000000000000000e+00
5.124981000000000009e+00,0.000000000000000000e+00
5.131852999999999554e+00,0.000000000000000000e+00
5.138683999999999585e+00,0.000000000000000000e+00
5.145501999999999576e+00,0.000000000000000000e+00
5.152346999999999788e+00,0.000000000000000000e+00
5.159263999999999406e+00,0.000000000000000000e+00
5.166119000000000128e+00,0.000000000000000000e+00
5.173007999999999384e+00,0.000000000000000000e+00
5.179866999999999777e+00,0.000000000000000000e+00
5.186657999999999547e+00,0.000000000000000000e+00
5.193461999999999357e+00,0.000000000000000000e+00
5.200330000000000119e+00,0.000000000000000000e+00
5.207142999999999411e+00,0.000000000000000000e+00
5.214023000000000074e+00,0.000000000000000000e+00
5.220867999999999398e+00,0.000000000000000000e+00
5.227761999999999354e+00,0.000000000000000000e+00
5.234590999999999994e+00,0.000000000000000000e+00
5.241483999999999810e+00,0.000000000000000000e+00
5.248365999999999865e+00,0.000000000000000000e+00
5.255246999999999780e+00,0.000000000000000000e+00
5.262139999999999596e+00,0.000000000000000000e+00
5.269064999999999444e+00,0.000000000000000000e+00
5.275928999999999647e+00,0.000000000000000000e+00
5.282745999999999498e+00,0.000000000000000000e+00
5.289597999999999800e+00,0.000000000000000000e+00
5.296439999999999593e+00,0.000000000000000000e+00
5.303306999999999327e+00,0.000000000000000000e+00
5.310175000000000090e+00,0.000000000000000000e+00
5.317033999999999594e+00,0.000000000000000000e+00
5.323856999999999395e+00,0.000000000000000000e+00
5.330712000000000117e+00,0.000000000000000000e+00
5.337610999999999883e+00,0.000000000000000000e+00
5.344478999999999758e+00,0.000000000000000000e+00
5.351314999999999600e+00,0.000000000000000000e+00
5.358131000000000199e+00,0.000000000000000000e+00
5.364997999999999934e+00,0.000000000000000000e+00
5.371915999999999691e+00,0.000000000000000000e+00
5.378746999999999723e+00,0.000000000000000000e+00
5.385626999999999498e+00,0.000000000000000000e+00
5.392525000000000013e+00,0.000000000000000000e+00
5.399379999999999846e+00,0.000000000000000000e+00
5.406293999999999933e+00,0.000000000000000000e+00
5.413062000000000040e+00,0.000000000000000000e+00
5.419863999999999571e+00,0.000000000000000000e+00
5.426718000000000153e+00,0.000000000000000000e+00
5.433563999999999616e+00,0.000000000000000000e+00
5.440405999999999409e+00,0.000000000000000000e+00
5.447315999999999825e+00,0.000000000000000000e+00
5.454143000000000185e+00,0.000000000000000000e+00
5.460992999999999320e+00,0.000000000000000000e+00
5.467772000000000077e+00,0.000000000000000000e+00
5.474603999999999360e+00,0.000000000000000000e+00
5.481482999999999883e+00,0.000000000000000000e+00
5.488362999999999658e+00,0.000000000000000000e+00
5.495229000000000141e+00,0.000000000000000000e+00
5.502021000000000051e+00,0.000000000000000000e+00
5.508884000000000114e+00,0.000000000000000000e+00
5.515710999999999586e+00,0.000000000000000000e+00
5.522543999999999897e+00,0.000000000000000000e+00
5.529424999999999812e+00,0.000000000000000000e+00
5.536317999999999628e+00,0.000000000000000000e+00
5.543142999999999709e+00,0.000000000000000000e+00
5.549993999999999872e+00,0.000000000000000000e+00
5.556911999999999630e+00,0.000000000000000000e+00
5.563737999999999850e+00,0.000000000000000000e+00
5.570638999999999896e+00,0.000000000000000000e+00
5.577522000000000091e+00,0.000000000000000000e+00
5.584375999999999785e+00,0.000000000000000000e+00
5.591230999999999618e+00,0.000000000000000000e+00
5.598112999999999673e+00,0.000000000000000000e+00
5.604928999999999384e+00,0.000000000000000000e+00
5.611799999999999677e+00,0.000000000000000000e+00
5.618649999999999700e+00,0.000000000000000000e+00
5.625467999999999691e+00,0.000000000000000000e+00
5.632314000000000043e+00,0.000000000000000000e+00
5.639177000000000106e+00,0.000000000000000000e+00
5.646107999999999905e+00,0.000000000000000000e+00
5.652991999999999351e+00,0.000000000000000000e+00
5.659879000000000104e+00,0.000000000000000000e+00
5.666732999999999798e+00,0.000000000000000000e+00
5.673663999999999596e+00,0.000000000000000000e+00
5.680483999999999867e+00,0.000000000000000000e+00
5.687374999999999403e+00,0.000000000000000000e+00
5.694230999999999376e+00,0.000000000000000000e+00
5.701126999999999612e+00,0.000000000000000000e+00
5.707989999999999675e+00,0.000000000000000000e+00
5.714818999999999427e+00,0.000000000000000000e+00
5.721737999999999325e+00,0.000000000000000000e+00
5.728534999999999933e+00,0.000000000000000000e+00
5.735409999999999897e+00,0.000000000000000000e+00
5.742242999999999320e+00,0.000000000000000000e+00
5.749098000000000042e+00,0.000000000000000000e+00
5.755988999999999578e+00,0.000000000000000000e+00
5.762891999999999904e+00,0.000000000000000000e+00
5.769775999999999350e+00,0.000000000000000000e+00
5.776648999999999923e+00,0.000000000000000000e+00
5.783508999999999567e+00,0.000000000000000000e+00
5.790306000000000175e+00,0.000000000000000000e+00
5.797248999999999874e+00,0.000000000000000000e+00
5.804096999999999618e+00,0.000000000000000000e+00
5.810993999999999993e+00,0.000000000000000000e+00
5.817853999999999637e+00,0.000000000000000000e+00
5.824678999999999718e+00,0.000000000000000000e+00
5.831559999999999633e+00,0.000000000000000000e+00
5.838438000000000017e+00,0.000000000000000000e+00
5.845289000000000179e+00,0.000000000000000000e+00
5.852095999999999520e+00,0.000000000000000000e+00
5.858964999999999534e+00,0.000000000000000000e+00
5.865807999999999467e+00,0.000000000000000000e+00
5.872685999999999851e+00,0.000000000000000000e+00
5.879532999999999454e+00,0.000000000000000000e+00
5.886419000000000068e+00,0.000000000000000000e+00
5.893324999999999925e+00,0.000000000000000000e+00
5.900214999999999321e+00,0.000000000000000000e+00
5.907103999999999466e+00,0.000000000000000000e+00
5.914025999999999783e+00,0.000000000000000000e+00
5.920846000000000053e+00,0.000000000000000000e+00
5.927722999999999409e+00,0.000000000000000000e+00
5.934575999999999851e+00,0.000000000000000000e+00
5.941449999999999676e+00,0.000000000000000000e+00
5.948316999999999410e+00,0.000000000000000000e+00
5.955162999999999762e+00,0.000000000000000000e+00
5.962031999999999776e+00,0.000000000000000000e+00
5.968874999999999709e+00,0.000000000000000000e+00
5.975702999999999321e+00,0.000000000000000000e+00
5.982546999999999393e+00,0.000000000000000000e+00
5.989403999999999506e+00,0.000000000000000000e+00
5.996241999999999628e+00,0.000000000000000000e+00
6.003122999999999543e+00,0.000000000000000000e+00
6.010004999999999598e+00,0.000000000000000000e+00
6.016886999999999652e+00,0.000000000000000000e+00
6.023741999999999486e+00,0.000000000000000000e+00
6.030623999999999540e+00,0.000000000000000000e+00
6.037429999999999630e+00,0.000000000000000000e+00
6.044290000000000163e+00,0.000000000000000000e+00
6.051228000000000051e+00,0.000000000000000000e+00
6.058067999999999564e+00,0.000000000000000000e+00
6.064922000000000146e+00,0.000000000000000000e+00
6.071794999999999831e+00,0.000000000000000000e+00
6.078660999999999426e+00,0.000000000000000000e+00
6.085551999999999850e+00,0.000000000000000000e+00
6.092387999999999693e+00,0.000000000000000000e+00
6.099224999999999675e+00,0.000000000000000000e+00
6.106107999999999869e+00,0.000000000000000000e+00
6.113055999999999379e+00,0.000000000000000000e+00
6.119898000000000060e+00,0.000000000000000000e+00
6.126763999999999655e+00,0.000000000000000000e+00
6.133611000000000146e+00,0.000000000000000000e+00
6.140464999999999840e+00,0.000000000000000000e+00
6.147355000000000125e+00,0.000000000000000000e+00
6.154231999999999481e+00,0.000000000000000000e+00
6.161115999999999815e+00,0.000000000000000000e+00
6.167976999999999599e+00,0.000000000000000000e+00
6.174780999999999409e+00,0.000000000000000000e+00
6.181566000000000116e+00,0.000000000000000000e+00
6.188443999999999612e+00,0.000000000000000000e+00
6.195338999999999707e+00,0.000000000000000000e+00
6.202122999999999386e+00,0.000000000000000000e+00
6.209018999999999622e+00,0.000000000000000000e+00
6.215996999999999773e+00,0.000000000000000000e+00
6.222855999999999277e+00,0.000000000000000000e+00
6.229705000000000048e+00,0.000000000000000000e+00
6.236546999999999841e+00,0.000000000000000000e+00
6.243434999999999846e+00,0.000000000000000000e+00
6.250342999999999982e+00,0.000000000000000000e+00
6.257263000000000019e+00,0.000000000000000000e+00
6.264118999999999993e+00,0.000000000000000000e+00
6.271027000000000129e+00,0.000000000000000000e+00
6.277845999999999371e+00,0.000000000000000000e+00
6.284692999999999863e+00,0.000000000000000000e+00
6.291517999999999944e+00,0.000000000000000000e+00
6.298410999999999760e+00,0.000000000000000000e+00
6.305272999999999683e+00,0.000000000000000000e+00
6.312155999999999878e+00,0.000000000000000000e+00
6.318988000000000049e+00,0.000000000000000000e+00
6.325846999999999554e+00,0.000000000000000000e+00
6.332692999999999905e+00,0.000000000000000000e+00
6.339577999999999491e+00,0.000000000000000000e+00
6.346378999999999770e+00,0.000000000000000000e+00
6.353228999999999793e+00,0.000000000000000000e+00
6.360102999999999618e+00,0.000000000000000000e+00
6.366983999999999533e+00,0.000000000000000000e+00
6.373821999999999655e+00,0.000000000000000000e+00
6.380746999999999503e+00,0.000000000000000000e+00
6.387569000000000052e+00,0.000000000000000000e+00
6.394396999999999665e+00,0.000000000000000000e+00
6.401282999999999390e+00,0.000000000000000000e+00
6.408170000000000144e+00,0.000000000000000000e+00
6.415016999999999747e+00,0.000000000000000000e+00
6.421897999999999662e+00,0.000000000000000000e+00
6.428786999999999807e+00,0.000000000000000000e+00
6.435665999999999443e+00,0.000000000000000000e+00
6.442553999999999448e+00,0.000000000000000000e+00
6.449523999999999369e+00,0.000000000000000000e+00
6.456407999999999703e+00,0.000000000000000000e+00
6.463340999999999781e+00,0.000000000000000000e+00
6.470196999999999754e+00,0.000000000000000000e+00
6.477085999999999899e+00,0.000000000000000000e+00
6.483950000000000102e+00,0.000000000000000000e+00
6.490852999999999540e+00,0.000000000000000000e+00
6.497724999999999973e+00,0.000000000000000000e+00
6.504576000000000136e+00,0.000000000000000000e+00
6.511435999999999780e+00,0.000000000000000000e+00
6.518329999999999735e+00,0.000000000000000000e+00
6.525191999999999659e+00,0.000000000000000000e+00
6.532010999999999790e+00,0.000000000000000000e+00
6.538876000000000133e+00,0.000000000000000000e+00
6.545764999999999390e+00,0.000000000000000000e+00
6.552684999999999427e+00,0.000000000000000000e+00
6.559528999999999499e+00,0.000000000000000000e+00
6.566408999999999274e+00,0.000000000000000000e+00
6.573272999999999477e+00,0.000000000000000000e+00
6.580114999999999270e+00,0.000000000000000000e+00
6.586980999999999753e+00,0.000000000000000000e+00
6.593894999999999840e+00,0.000000000000000000e+00
6.600797999999999277e+00,0.000000000000000000e+00
6.607685999999999282e+00,0.000000000000000000e+00
6.614561999999999387e+00,0.000000000000000000e+00
6.621446999999999861e+00,0.000000000000000000e+00
6.628382999999999470e+00,0.000000000000000000e+00
6.635241999999999862e+00,0.000000000000000000e+00
6.642134999999999678e+00,0.000000000000000000e+00
6.648994999999999322e+00,0.000000000000000000e+00
6.655920999999999310e+00,0.000000000000000000e+00
6.662846000000000046e+00,0.000000000000000000e+00
6.669747000000000092e+00,0.000000000000000000e+00
6.676604999999999457e+00,0.000000000000000000e+00
6.683511999999999453e+00,0.000000000000000000e+00
6.690355999999999526e+00,0.000000000000000000e+00
6.697189999999999976e+00,0.000000000000000000e+00
6.704061999999999522e+00,0.000000000000000000e+00
6.710962999999999568e+00,0.000000000000000000e+00
6.717806999999999640e+00,0.000000000000000000e+00
6.724687999999999555e+00,0.000000000000000000e+00
6.731643000000000043e+00,0.000000000000000000e+00
6.738483999999999696e+00,0.000000000000000000e+00
6.745330999999999300e+00,0.000000000000000000e+00
6.752203999999999873e+00,0.000000000000000000e+00
6.759043999999999386e+00,0.000000000000000000e+00
6.765938999999999481e+00,0.000000000000000000e+00
6.772821999999999676e+00,0.000000000000000000e+00
6.779703999999999731e+00,0.000000000000000000e+00
6.786588000000000065e+00,0.000000000000000000e+00
6.793444000000000038e+00,0.000000000000000000e+00
6.800351000000000035e+00,0.000000000000000000e+00
6.807220000000000049e+00,0.000000000000000000e+00
6.814138999999999946e+00,0.000000000000000000e+00
6.821021000000000001e+00,0.000000000000000000e+00
6.827925999999999718e+00,0.000000000000000000e+00
6.834817999999999394e+00,0.000000000000000000e+00
6.841736000000000040e+00,0.000000000000000000e+00
6.848581999999999503e+00,0.000000000000000000e+00
6.855427999999999855e+00,0.000000000000000000e+00
6.862324000000000090e+00,0.000000000000000000e+00
6.869134999999999991e+00,0.000000000000000000e+00
6.875975999999999644e+00,0.000000000000000000e+00
6.882890999999999870e+00,0.000000000000000000e+00
6.889744999999999564e+00,0.000000000000000000e+00
6.896588999999999636e+00,0.000000000000000000e+00
6.903372999999999315e+00,0.000000000000000000e+00
6.910223999999999478e+00,0.000000000000000000e+00
6.917097000000000051e+00,0.000000000000000000e+00
6.923979999999999357e+00,0.000000000000000000e+00
6.930838999999999750e+00,0.000000000000000000e+00
6.937664999999999971e+00,0.000000000000000000e+00
6.944504999999999484e+00,0.000000000000000000e+00
6.951435999999999282e+00,0.000000000000000000e+00
6.958334999999999937e+00,0.000000000000000000e+00
6.965176999999999730e+00,0.000000000000000000e+00
6.972058999999999784e+00,0.000000000000000000e+00
6.978964999999999641e+00,0.000000000000000000e+00
6.985856999999999317e+00,0.000000000000000000e+00
6.992683999999999678e+00,0.000000000000000000e+00
6.999539999999999651e+00,0.000000000000000000e+00
7.006407999999999525e+00,0.000000000000000000e+00
7.013251999999999597e+00,0.000000000000000000e+00
7.020185999999999815e+00,0.000000000000000000e+00
7.027036999999999978e+00,0.000000000000000000e+00
7.033936999999999884e+00,0.000000000000000000e+00
7.040821999999999470e+00,0.000000000000000000e+00
7.047683999999999394e+00,0.000000000000000000e+00
7.054532999999999276e+00,0.000000000000000000e+00
7.061406999999999989e+00,0.000000000000000000e+00
7.068303999999999476e+00,0.000000000000000000e+00
7.075217999999999563e+00,1.000000000000000000e+00
7.082113999999999798e+00,0.000000000000000000e+00
7.089031999999999556e+00,0.000000000000000000e+00
7.095909999999999940e+00,0.000000000000000000e+00
7.102769999999999584e+00,0.000000000000000000e+00
7.109626999999999697e+00,0.000000000000000000e+00
7.116545999999999594e+00,0.000000000000000000e+00
7.123405999999999239e+00,0.000000000000000000e+00
7.130347999999999686e+00,0.000000000000000000e+00
7.137227999999999462e+00,0.000000000000000000e+00
7.144098999999999755e+00,0.000000000000000000e+00
7.150983000000000089e+00,0.000000000000000000e+00
7.157827999999999413e+00,0.000000000000000000e+00
7.164731999999999879e+00,0.000000000000000000e+00
7.171619999999999884e+00,0.000000000000000000e+00
7.178549999999999542e+00,0.000000000000000000e+00
7.185402999999999984e+00,0.000000000000000000e+00
7.192275999999999669e+00,0.000000000000000000e+00
7.199119999999999742e+00,0.000000000000000000e+00
7.206008999999999887e+00,0.000000000000000000e+00
7.212926999999999644e+00,0.000000000000000000e+00
7.219788999999999568e+00,0.000000000000000000e+00
7.226677999999999713e+00,0.000000000000000000e+00
7.233566999999999858e+00,0.000000000000000000e+00
7.240440999999999683e+00,0.000000000000000000e+00
7.247381999999999991e+00,0.000000000000000000e+00
7.254289999999999239e+00,0.000000000000000000e+00
7.261154999999999582e+00,0.000000000000000000e+00
7.268012999999999835e+00,0.000000000000000000e+00
7.274865999999999389e+00,0.000000000000000000e+00
7.281765000000000043e+00,0.000000000000000000e+00
7.288683999999999941e+00,0.000000000000000000e+00
7.295565999999999995e+00,0.000000000000000000e+00
7.302417999999999410e+00,0.000000000000000000e+00
7.309310999999999225e+00,0.000000000000000000e+00
7.316213999999999551e+00,0.000000000000000000e+00
7.323097999999999885e+00,0.000000000000000000e+00
7.330039999999999445e+00,0.000000000000000000e+00
7.337009999999999366e+00,0.000000000000000000e+00
7.343923999999999452e+00,0.000000000000000000e+00
7.350804999999999367e+00,0.000000000000000000e+00
7.357713999999999643e+00,0.000000000000000000e+00
7.364593999999999419e+00,0.000000000000000000e+00
7.371463999999999572e+00,0.000000000000000000e+00
7.378352999999999717e+00,0.000000000000000000e+00
7.385292999999999886e+00,0.000000000000000000e+00
7.392188999999999233e+00,0.000000000000000000e+00
7.399065999999999477e+00,0.000000000000000000e+00
7.405907999999999269e+00,0.000000000000000000e+00
7.412757000000000041e+00,0.000000000000000000e+00
7.419597999999999693e+00,0.000000000000000000e+00
7.426527000000000100e+00,0.000000000000000000e+00
7.433440999999999299e+00,0.000000000000000000e+00
7.440279999999999561e+00,0.000000000000000000e+00
7.447127000000000052e+00,0.000000000000000000e+00
7.454076999999999842e+00,0.000000000000000000e+00
7.460990999999999929e+00,0.000000000000000000e+00
7.467840999999999951e+00,0.000000000000000000e+00
7.474704999999999266e+00,0.000000000000000000e+00
7.481595999999999691e+00,0.000000000000000000e+00
7.488448999999999245e+00,0.000000000000000000e+00
7.495304999999999218e+00,0.000000000000000000e+00
7.502158999999999800e+00,0.000000000000000000e+00
7.509023000000000003e+00,0.000000000000000000e+00
7.515908999999999729e+00,0.000000000000000000e+00
7.522781999999999414e+00,0.000000000000000000e+00
7.529604999999999215e+00,0.000000000000000000e+00
7.536481999999999459e+00,0.000000000000000000e+00
7.543318999999999441e+00,0.000000000000000000e+00
7.550207999999999586e+00,0.000000000000000000e+00
7.557055999999999329e+00,0.000000000000000000e+00
7.563968999999999276e+00,0.000000000000000000e+00
7.570898999999999823e+00,0.000000000000000000e+00
7.577825999999999951e+00,0.000000000000000000e+00
7.584704999999999586e+00,0.000000000000000000e+00
7.591545999999999239e+00,0.000000000000000000e+00
7.598395000000000010e+00,0.000000000000000000e+00
7.605242999999999753e+00,0.000000000000000000e+00
7.612128999999999479e+00,0.000000000000000000e+00
7.618986999999999732e+00,0.000000000000000000e+00
7.625945999999999891e+00,0.000000000000000000e+00
7.632852999999999888e+00,0.000000000000000000e+00
7.639750999999999515e+00,0.000000000000000000e+00
7.646655999999999231e+00,0.000000000000000000e+00
7.653541999999999845e+00,0.000000000000000000e+00
7.660419999999999341e+00,0.000000000000000000e+00
7.667218999999999340e+00,0.000000000000000000e+00
7.674119999999999386e+00,0.000000000000000000e+00
7.681042999999999843e+00,0.000000000000000000e+00
7.687985999999999542e+00,0.000000000000000000e+00
7.694865999999999318e+00,0.000000000000000000e+00
7.701775999999999733e+00,0.000000000000000000e+00
7.708698000000000050e+00,0.000000000000000000e+00
7.715556999999999555e+00,0.000000000000000000e+00
7.722440999999999889e+00,0.000000000000000000e+00
7.729265999999999970e+00,0.000000000000000000e+00
7.736129000000000033e+00,0.000000000000000000e+00
7.743046999999999791e+00,0.000000000000000000e+00
7.749972999999999779e+00,0.000000000000000000e+00
7.756863999999999315e+00,0.000000000000000000e+00
7.763735999999999748e+00,0.000000000000000000e+00
7.770654999999999646e+00,0.000000000000000000e+00
7.777529999999999610e+00,0.000000000000000000e+00
7.784404999999999575e+00,0.000000000000000000e+00
7.791330999999999563e+00,0.000000000000000000e+00
7.798259999999999970e+00,0.000000000000000000e+00
7.805138999999999605e+00,0.000000000000000000e+00
7.812033999999999700e+00,0.000000000000000000e+00
7.818909999999999805e+00,1.000000000000000000e+00
7.825757999999999548e+00,0.000000000000000000e+00
7.832596999999999809e+00,1.000000000000000000e+00
7.839477999999999724e+00,1.000000000000000000e+00
7.846353999999999829e+00,0.000000000000000000e+00
7.853264999999999496e+00,1.000000000000000000e+00
7.860144999999999271e+00,0.000000000000000000e+00
7.867029999999999745e+00,0.000000000000000000e+00
7.873962999999999823e+00,1.000000000000000000e+00
7.880833999999999229e+00,0.000000000000000000e+00
7.887703999999999382e+00,1.000000000000000000e+00
7.894560999999999495e+00,1.000000000000000000e+00
7.901449999999999640e+00,0.000000000000000000e+00
7.908313999999999844e+00,1.000000000000000000e+00
7.915212999999999610e+00,0.000000000000000000e+00
7.922085999999999295e+00,0.000000000000000000e+00
7.928986999999999341e+00,1.000000000000000000e+00
7.935934999999999739e+00,0.000000000000000000e+00
7.942844000000000015e+00,1.000000000000000000e+00
7.949752999999999403e+00,0.000000000000000000e+00
7.956653999999999449e+00,0.000000000000000000e+00
7.963570999999999955e+00,1.000000000000000000e+00
7.970453999999999262e+00,0.000000000000000000e+00
7.977314999999999934e+00,1.000000000000000000e+00
7.984191000000000038e+00,1.000000000000000000e+00
7.991088999999999665e+00,0.000000000000000000e+00
7.997992999999999242e+00,1.000000000000000000e+00
8.004875999999999436e+00,0.000000000000000000e+00
8.011727999999999739e+00,0.000000000000000000e+00
8.018546999999999869e+00,0.000000000000000000e+00
8.025475000000000136e+00,0.000000000000000000e+00
8.032337000000000060e+00,1.000000000000000000e+00
8.039215999999999696e+00,0.000000000000000000e+00
8.046125999999999223e+00,0.000000000000000000e+00
8.053013999999999228e+00,1.000000000000000000e+00
8.059903999999999513e+00,0.000000000000000000e+00
8.066775999999999058e+00,0.000000000000000000e+00
8.073598999999999748e+00,1.000000000000000000e+00
8.080434999999999590e+00,0.000000000000000000e+00
8.087367999999999668e+00,0.000000000000000000e+00
8.094326999999999828e+00,1.000000000000000000e+00
8.101236000000000104e+00,0.000000000000000000e+00
8.108126000000000388e+00,0.000000000000000000e+00
8.115060999999998970e+00,0.000000000000000000e+00
8.121990999999999516e+00,0.000000000000000000e+00
8.128868999999999900e+00,0.000000000000000000e+00
8.135842000000000240e+00,0.000000000000000000e+00
8.142654000000000281e+00,1.000000000000000000e+00
8.149559999999999249e+00,0.000000000000000000e+00
8.156416000000000111e+00,0.000000000000000000e+00
8.163335000000000008e+00,1.000000000000000000e+00
8.170215999999999923e+00,0.000000000000000000e+00
8.177084999999999937e+00,0.000000000000000000e+00
8.184001000000000303e+00,1.000000000000000000e+00
8.190844999999999487e+00,0.000000000000000000e+00
8.197770000000000223e+00,0.000000000000000000e+00
8.204705999999999833e+00,0.000000000000000000e+00
8.211570000000000036e+00,0.000000000000000000e+00
8.218469999999999942e+00,0.000000000000000000e+00
8.225395999999999930e+00,0.000000000000000000e+00
8.232307999999999737e+00,1.000000000000000000e+00
8.239246999999998877e+00,0.000000000000000000e+00
8.246140999999999721e+00,0.000000000000000000e+00
8.253048999999998969e+00,1.000000000000000000e+00
8.259940999999999534e+00,0.000000000000000000e+00
8.266924999999998747e+00,0.000000000000000000e+00
8.273830999999999491e+00,1.000000000000000000e+00
8.280699000000000254e+00,0.000000000000000000e+00
8.287575999999999610e+00,0.000000000000000000e+00
8.294495999999998759e+00,0.000000000000000000e+00
8.301358000000000459e+00,0.000000000000000000e+00
8.308213999999999544e+00,0.000000000000000000e+00
8.315106000000000108e+00,0.000000000000000000e+00
8.321958999999999662e+00,1.000000000000000000e+00
8.328872999999999749e+00,0.000000000000000000e+00
8.335777000000000214e+00,0.000000000000000000e+00
8.342677999999999372e+00,0.000000000000000000e+00
8.349527999999999395e+00,0.000000000000000000e+00
8.356422999999999490e+00,0.000000000000000000e+00
8.363336999999999577e+00,1.000000000000000000e+00
8.370234999999999204e+00,0.000000000000000000e+00
8.377119000000000426e+00,0.000000000000000000e+00
8.383976999999999791e+00,0.000000000000000000e+00
8.390893000000000157e+00,0.000000000000000000e+00
8.397715999999999070e+00,0.000000000000000000e+00
8.404555999999999472e+00,0.000000000000000000e+00
8.411391000000000062e+00,0.000000000000000000e+00
8.418314999999999770e+00,0.000000000000000000e+00
8.425212999999999397e+00,0.000000000000000000e+00
8.432164999999999466e+00,1.000000000000000000e+00
8.439135000000000275e+00,0.000000000000000000e+00
8.446030999999999622e+00,0.000000000000000000e+00
8.452947999999999240e+00,1.000000000000000000e+00
8.459865999999999886e+00,0.000000000000000000e+00
8.466720999999999719e+00,1.000000000000000000e+00
8.473559999999999093e+00,1.000000000000000000e+00
8.480394999999999683e+00,0.000000000000000000e+00
8.487302999999998931e+00,0.000000000000000000e+00
8.494168000000000163e+00,0.000000000000000000e+00
8.501099999999999213e+00,0.000000000000000000e+00
8.508029999999999760e+00,1.000000000000000000e+00
8.514984999999999360e+00,0.000000000000000000e+00
8.521945999999999799e+00,1.000000000000000000e+00
8.528893000000000058e+00,0.000000000000000000e+00
8.535792999999999964e+00,0.000000000000000000e+00
8.542684999999998752e+00,1.000000000000000000e+00
8.549559000000000353e+00,0.000000000000000000e+00
8.556497000000000241e+00,1.000000000000000000e+00
8.563382999999999967e+00,1.000000000000000000e+00
8.570323000000000135e+00,0.000000000000000000e+00
8.577249999999999375e+00,1.000000000000000000e+00
8.584191999999999823e+00,0.000000000000000000e+00
8.591123999999998873e+00,0.000000000000000000e+00
8.597980999999998986e+00,1.000000000000000000e+00
8.604872000000000298e+00,0.000000000000000000e+00
8.611739999999999284e+00,0.000000000000000000e+00
8.618651999999999092e+00,1.000000000000000000e+00
8.625532999999999006e+00,0.000000000000000000e+00
8.632441999999999283e+00,0.000000000000000000e+00
8.639364999999999739e+00,0.000000000000000000e+00
8.646214999999999762e+00,1.000000000000000000e+00
8.653162999999999272e+00,0.000000000000000000e+00
8.660069999999999268e+00,0.000000000000000000e+00
8.667009000000000185e+00,1.000000000000000000e+00
8.673900999999998973e+00,0.000000000000000000e+00
8.680794999999999817e+00,0.000000000000000000e+00
8.687659000000000020e+00,1.000000000000000000e+00
8.694542999999999466e+00,0.000000000000000000e+00
8.701458999999999833e+00,0.000000000000000000e+00
8.708318999999999477e+00,1.000000000000000000e+00
8.715239000000000402e+00,0.000000000000000000e+00
8.722123999999999100e+00,1.000000000000000000e+00
8.729074999999999918e+00,0.000000000000000000e+00
8.735991999999999535e+00,0.000000000000000000e+00
8.742884999999999351e+00,1.000000000000000000e+00
8.749812000000000367e+00,0.000000000000000000e+00
8.756688999999999723e+00,1.000000000000000000e+00
8.763588999999999629e+00,0.000000000000000000e+00
8.770496999999998877e+00,0.000000000000000000e+00
8.777415999999998775e+00,1.000000000000000000e+00
8.784316000000000457e+00,0.000000000000000000e+00
8.791221000000000174e+00,0.000000000000000000e+00
8.798057999999999268e+00,1.000000000000000000e+00
8.804952999999999363e+00,0.000000000000000000e+00
8.811885000000000190e+00,0.000000000000000000e+00
8.818756999999999735e+00,0.000000000000000000e+00
8.825716999999999146e+00,0.000000000000000000e+00
8.832570999999999728e+00,0.000000000000000000e+00
8.839449999999999363e+00,0.000000000000000000e+00
8.846368000000000009e+00,1.000000000000000000e+00
8.853341000000000349e+00,1.000000000000000000e+00
8.860229999999999606e+00,0.000000000000000000e+00
8.867119999999999891e+00,1.000000000000000000e+00
8.873993999999999716e+00,0.000000000000000000e+00
8.880919999999999703e+00,0.000000000000000000e+00
8.887831000000000259e+00,1.000000000000000000e+00
8.894747999999999877e+00,0.000000000000000000e+00
8.901650000000000063e+00,1.000000000000000000e+00
8.908572999999998743e+00,0.000000000000000000e+00
8.915466000000000335e+00,0.000000000000000000e+00
8.922356999999999871e+00,1.000000000000000000e+00
8.929202000000000083e+00,0.000000000000000000e+00
8.936078000000000188e+00,1.000000000000000000e+00
8.942985000000000184e+00,0.000000000000000000e+00
8.949909999999999144e+00,0.000000000000000000e+00
8.956784999999999997e+00,1.000000000000000000e+00
8.963704999999999146e+00,0.000000000000000000e+00
8.970621999999998764e+00,0.000000000000000000e+00
8.977475999999999345e+00,1.000000000000000000e+00
8.984413999999999234e+00,0.000000000000000000e+00
8.991329000000000349e+00,0.000000000000000000e+00
8.998182999999999154e+00,0.000000000000000000e+00
9.005070999999999160e+00,0.000000000000000000e+00
9.011943999999999733e+00,0.000000000000000000e+00
9.018846999999999170e+00,0.000000000000000000e+00
9.025750000000000384e+00,1.000000000000000000e+00
9.032626999999999740e+00,0.000000000000000000e+00
9.039519999999999555e+00,0.000000000000000000e+00
9.046478999999999715e+00,0.000000000000000000e+00
9.053352000000000288e+00,0.000000000000000000e+00
9.060224999999999085e+00,0.000000000000000000e+00
9.067133000000000109e+00,0.000000000000000000e+00
9.074035000000000295e+00,0.000000000000000000e+00
9.080947999999999354e+00,0.000000000000000000e+00
9.087873000000000090e+00,1.000000000000000000e+00
9.094780999999999338e+00,0.000000000000000000e+00
9.101668999999999343e+00,0.000000000000000000e+00
9.108558000000000376e+00,0.000000000000000000e+00
9.115466999999998876e+00,0.000000000000000000e+00
9.122351000000000099e+00,0.000000000000000000e+00
9.129315000000000069e+00,0.000000000000000000e+00
9.136255000000000237e+00,0.000000000000000000e+00
9.143124000000000251e+00,0.000000000000000000e+00
9.150038000000000338e+00,0.000000000000000000e+00
9.156995999999999469e+00,0.000000000000000000e+00
9.163914999999999367e+00,0.000000000000000000e+00
9.170852000000000004e+00,0.000000000000000000e+00
9.177783999999999054e+00,0.000000000000000000e+00
9.184650999999998788e+00,0.000000000000000000e+00
9.191511999999999460e+00,0.000000000000000000e+00
9.198399999999999466e+00,0.000000000000000000e+00
9.205273999999999290e+00,0.000000000000000000e+00
9.212137000000000242e+00,0.000000000000000000e+00
9.219018000000000157e+00,0.000000000000000000e+00
9.225948999999999955e+00,0.000000000000000000e+00
9.232867999999999853e+00,0.000000000000000000e+00
9.239772999999999570e+00,0.000000000000000000e+00
9.246688999999999936e+00,0.000000000000000000e+00
9.253591999999999373e+00,0.000000000000000000e+00
9.260498000000000118e+00,0.000000000000000000e+00
9.267471000000000458e+00,0.000000000000000000e+00
9.274397999999999698e+00,0.000000000000000000e+00
9.281347999999999487e+00,1.000000000000000000e+00
9.288338999999998791e+00,0.000000000000000000e+00
9.295290999999998860e+00,0.000000000000000000e+00
9.302187999999999235e+00,0.000000000000000000e+00
9.309089000000000169e+00,0.000000000000000000e+00
9.315996000000000166e+00,0.000000000000000000e+00
9.322986999999999469e+00,0.000000000000000000e+00
9.329812000000000438e+00,0.000000000000000000e+00
9.336664999999999992e+00,0.000000000000000000e+00
9.343593999999999511e+00,0.000000000000000000e+00
9.350493999999999417e+00,0.000000000000000000e+00
9.357414000000000343e+00,0.000000000000000000e+00
9.364321000000000339e+00,0.000000000000000000e+00
9.371245999999999299e+00,0.000000000000000000e+00
9.378142999999999674e+00,0.000000000000000000e+00
9.385030000000000427e+00,0.000000000000000000e+00
9.391952999999999108e+00,0.000000000000000000e+00
9.398914999999998798e+00,0.000000000000000000e+00
9.405847999999998876e+00,0.000000000000000000e+00
9.412772000000000361e+00,0.000000000000000000e+00
9.419650999999999996e+00,0.000000000000000000e+00
9.426546000000000092e+00,0.000000000000000000e+00
9.433417000000000385e+00,0.000000000000000000e+00
9.440241999999999578e+00,0.000000000000000000e+00
9.447125999999999024e+00,0.000000000000000000e+00
9.454070999999999003e+00,0.000000000000000000e+00
9.460979000000000028e+00,0.000000000000000000e+00
9.467908999999998798e+00,0.000000000000000000e+00
9.474746999999998920e+00,0.000000000000000000e+00
9.481563999999998771e+00,0.000000000000000000e+00
9.488477999999998858e+00,0.000000000000000000e+00
9.495351999999998682e+00,0.000000000000000000e+00
9.502303999999998751e+00,0.000000000000000000e+00
9.509197999999999595e+00,0.000000000000000000e+00
9.516150999999998916e+00,0.000000000000000000e+00
9.523120999999999725e+00,0.000000000000000000e+00
9.530006999999999451e+00,0.000000000000000000e+00
9.536887000000000114e+00,0.000000000000000000e+00
9.543806999999999263e+00,0.000000000000000000e+00
9.550665000000000404e+00,0.000000000000000000e+00
9.557598999999999734e+00,0.000000000000000000e+00
9.564518999999998883e+00,0.000000000000000000e+00
9.571405999999999636e+00,0.000000000000000000e+00
9.578279000000000210e+00,0.000000000000000000e+00
9.585217999999999350e+00,0.000000000000000000e+00
9.592171999999999699e+00,0.000000000000000000e+00
9.599076999999999416e+00,0.000000000000000000e+00
9.606016999999999584e+00,0.000000000000000000e+00
9.612980000000000302e+00,0.000000000000000000e+00
9.619897999999999172e+00,0.000000000000000000e+00
9.626811999999999259e+00,0.000000000000000000e+00
9.633701999999999543e+00,0.000000000000000000e+00
9.640653000000000361e+00,0.000000000000000000e+00
9.647515000000000285e+00,0.000000000000000000e+00
9.654420999999999253e+00,0.000000000000000000e+00
9.661344999999998961e+00,0.000000000000000000e+00
9.668196000000000012e+00,0.000000000000000000e+00
9.675186999999999315e+00,0.000000000000000000e+00
9.682107999999999493e+00,0.000000000000000000e+00
9.689022999999998831e+00,0.000000000000000000e+00
9.696009000000000100e+00,0.000000000000000000e+00
9.702909999999999258e+00,0.000000000000000000e+00
9.709797999999999263e+00,0.000000000000000000e+00
9.716708999999999818e+00,0.000000000000000000e+00
9.723614999999998787e+00,0.000000000000000000e+00
9.730476999999998711e+00,0.000000000000000000e+00
9.737415000000000376e+00,0.000000000000000000e+00
9.744381999999999877e+00,0.000000000000000000e+00
9.751276999999999973e+00,0.000000000000000000e+00
9.758191999999999311e+00,0.000000000000000000e+00
9.765126999999999668e+00,0.000000000000000000e+00
9.772043999999999286e+00,0.000000000000000000e+00
9.778960999999998904e+00,0.000000000000000000e+00
9.785850999999999189e+00,0.000000000000000000e+00
9.792743999999999005e+00,0.000000000000000000e+00
9.799680000000000391e+00,0.000000000000000000e+00
9.806568999999999647e+00,0.000000000000000000e+00
9.813456999999999653e+00,0.000000000000000000e+00
9.820361000000000118e+00,0.000000000000000000e+00
9.827304999999999069e+00,0.000000000000000000e+00
9.834182999999999453e+00,0.000000000000000000e+00
9.841158999999999324e+00,0.000000000000000000e+00
9.848155999999999466e+00,0.000000000000000000e+00
9.855089999999998795e+00,0.000000000000000000e+00
9.861953999999998999e+00,0.000000000000000000e+00
9.868883999999999546e+00,0.000000000000000000e+00
9.875784999999998703e+00,0.000000000000000000e+00
9.882728000000000179e+00,0.000000000000000000e+00
9.889668999999999599e+00,0.000000000000000000e+00
9.896587000000000245e+00,0.000000000000000000e+00
9.903470000000000439e+00,0.000000000000000000e+00
9.910384999999999778e+00,0.000000000000000000e+00
9.917354999999998810e+00,0.000000000000000000e+00
9.924298999999999538e+00,0.000000000000000000e+00
9.931213999999998876e+00,0.000000000000000000e+00
9.938091999999999260e+00,0.000000000000000000e+00
9.944991999999999166e+00,0.000000000000000000e+00
9.951895000000000380e+00,0.000000000000000000e+00
9.958755999999999275e+00,0.000000000000000000e+00
9.965596999999998928e+00,0.000000000000000000e+00
9.972451999999998762e+00,0.000000000000000000e+00
9.979289999999998884e+00,0.000000000000000000e+00
9.986119000000000412e+00,0.000000000000000000e+00
9.993031000000000219e+00,0.000000000000000000e+00
9.999973999999999918e+00,0.000000000000000000e+00
1.000686799999999899e+01,0.000000000000000000e+00
1.001375499999999974e+01,0.000000000000000000e+00
1.002064000000000021e+01,0.000000000000000000e+00
1.002757199999999926e+01,0.000000000000000000e+00
1.003452599999999961e+01,0.000000000000000000e+00
1.004144999999999932e+01,0.000000000000000000e+00
1.004834599999999867e+01,0.000000000000000000e+00
1.005531399999999920e+01,0.000000000000000000e+00
1.006217099999999931e+01,0.000000000000000000e+00
1.006914100000000012e+01,0.000000000000000000e+00
1.007604100000000003e+01,0.000000000000000000e+00
1.008291999999999966e+01,0.000000000000000000e+00
1.008980199999999883e+01,0.000000000000000000e+00
1.009674099999999974e+01,0.000000000000000000e+00
1.010364799999999974e+01,0.000000000000000000e+00
1.011051799999999901e+01,0.000000000000000000e+00
1.011739799999999967e+01,0.000000000000000000e+00
1.012424999999999997e+01,0.000000000000000000e+00
1.013120200000000004e+01,0.000000000000000000e+00
1.013813399999999909e+01,0.000000000000000000e+00
1.014506499999999889e+01,0.000000000000000000e+00
1.015202599999999933e+01,0.000000000000000000e+00
1.015894699999999951e+01,0.000000000000000000e+00
1.016586699999999865e+01,0.000000000000000000e+00
1.017270800000000008e+01,0.000000000000000000e+00
1.017964399999999969e+01,0.000000000000000000e+00
1.018656999999999968e+01,0.000000000000000000e+00
1.019353899999999946e+01,0.000000000000000000e+00
1.020036999999999949e+01,0.000000000000000000e+00
1.020730999999999966e+01,0.000000000000000000e+00
1.021426699999999954e+01,0.000000000000000000e+00
1.022114000000000011e+01,0.000000000000000000e+00
1.022806100000000029e+01,0.000000000000000000e+00
1.023496600000000001e+01,0.000000000000000000e+00
1.024192199999999886e+01,0.000000000000000000e+00
1.024887099999999940e+01,0.000000000000000000e+00
1.025571799999999989e+01,0.000000000000000000e+00
1.026259099999999869e+01,0.000000000000000000e+00
1.026948599999999878e+01,0.000000000000000000e+00
